{
  "classname": null,
  "name": null,
  "animation": {
    "classname": null,
    "name": "AnimationManager",
    "actionlist": []
  },
  "dataScale": 1,
  "designHeight": 540,
  "designWidth": 960,
  "textures": [],
  "texturesPng": [],
  "version": "1.6.0.0",
  "widgetTree": {
    "classname": "Panel",
    "name": null,
    "children": [
      {
        "classname": "ImageView",
        "name": null,
        "children": [
          {
            "classname": "Panel",
            "name": null,
            "children": [],
            "options": {
              "__type": "PanelSurrogate:#EditorCommon.JsonModel.Component.GUI",
              "classname": "Panel",
              "name": "Panel_21",
              "ZOrder": 1,
              "actiontag": 17877416,
              "anchorPointX": 0,
              "anchorPointY": 0,
              "classType": "CocoStudio.EngineAdapterWrap.CSPanel",
              "colorB": 255,
              "colorG": 255,
              "colorR": 255,
              "customProperty": "",
              "flipX": false,
              "flipY": false,
              "height": 353,
              "ignoreSize": false,
              "layoutParameter": null,
              "opacity": 255,
              "positionPercentX": 0.0302083325,
              "positionPercentY": 0.1037037,
              "positionType": 0,
              "rotation": 0,
              "scaleX": 1,
              "scaleY": 1,
              "sizePercentX": 0.454166681,
              "sizePercentY": 0.6537037,
              "sizeType": 0,
              "tag": 1331179381,
              "touchAble": true,
              "useMergedTexture": false,
              "visible": true,
              "width": 436,
              "x": 29,
              "y": 56,
              "adaptScreen": false,
              "backGroundImage": null,
              "backGroundImageData": null,
              "backGroundScale9Enable": false,
              "bgColorB": 255,
              "bgColorG": 200,
              "bgColorOpacity": 0,
              "bgColorR": 150,
              "bgEndColorB": 255,
              "bgEndColorG": 200,
              "bgEndColorR": 150,
              "bgStartColorB": 255,
              "bgStartColorG": 255,
              "bgStartColorR": 255,
              "capInsetsHeight": 1,
              "capInsetsWidth": 1,
              "capInsetsX": 0,
              "capInsetsY": 0,
              "clipAble": false,
              "colorType": 1,
              "layoutType": 0,
              "vectorX": 0,
              "vectorY": -0.5
            }
          },
          {
            "classname": "ImageView",
            "name": null,
            "children": [
              {
                "classname": "ImageView",
                "name": null,
                "children": [],
                "options": {
                  "__type": "ImageViewSurrogate:#EditorCommon.JsonModel.Component.GUI",
                  "classname": "ImageView",
                  "name": "Image_18",
                  "ZOrder": 1,
                  "actiontag": 38412723,
                  "anchorPointX": 0.5,
                  "anchorPointY": 0.5,
                  "classType": "CocoStudio.EngineAdapterWrap.CSImageView",
                  "colorB": 255,
                  "colorG": 255,
                  "colorR": 255,
                  "customProperty": "",
                  "flipX": false,
                  "flipY": false,
                  "height": 62,
                  "ignoreSize": false,
                  "layoutParameter": null,
                  "opacity": 255,
                  "positionPercentX": 0,
                  "positionPercentY": 0.431151241,
                  "positionType": 0,
                  "rotation": 0,
                  "scaleX": 1,
                  "scaleY": 1,
                  "sizePercentX": 1.01128674,
                  "sizePercentY": 0.13995485,
                  "sizeType": 0,
                  "tag": 1331179378,
                  "touchAble": false,
                  "useMergedTexture": false,
                  "visible": true,
                  "width": 448,
                  "x": 0,
                  "y": 191,
                  "capInsetsHeight": 1,
                  "capInsetsWidth": 1,
                  "capInsetsX": 16,
                  "capInsetsY": 16,
                  "fileName": null,
                  "fileNameData": {
                    "path": "Common/Common_7.png",
                    "plistFile": "",
                    "resourceType": 0
                  },
                  "scale9Enable": true,
                  "scale9Height": 62,
                  "scale9Width": 448
                }
              },
              {
                "classname": "ImageView",
                "name": null,
                "children": [],
                "options": {
                  "__type": "ImageViewSurrogate:#EditorCommon.JsonModel.Component.GUI",
                  "classname": "ImageView",
                  "name": "Image_20",
                  "ZOrder": 1,
                  "actiontag": 66812681,
                  "anchorPointX": 0.5,
                  "anchorPointY": 0.5,
                  "classType": "CocoStudio.EngineAdapterWrap.CSImageView",
                  "colorB": 255,
                  "colorG": 255,
                  "colorR": 255,
                  "customProperty": "",
                  "flipX": false,
                  "flipY": false,
                  "height": 25,
                  "ignoreSize": false,
                  "layoutParameter": null,
                  "opacity": 255,
                  "positionPercentX": 0,
                  "positionPercentY": -0.469525963,
                  "positionType": 0,
                  "rotation": 0,
                  "scaleX": 1,
                  "scaleY": 1,
                  "sizePercentX": 0.997742653,
                  "sizePercentY": 0.05643341,
                  "sizeType": 0,
                  "tag": 1331179380,
                  "touchAble": false,
                  "useMergedTexture": false,
                  "visible": true,
                  "width": 442,
                  "x": 0,
                  "y": -208,
                  "capInsetsHeight": 1,
                  "capInsetsWidth": 1,
                  "capInsetsX": 16,
                  "capInsetsY": 16,
                  "fileName": null,
                  "fileNameData": {
                    "path": "Common/Common_5.png",
                    "plistFile": "",
                    "resourceType": 0
                  },
                  "scale9Enable": true,
                  "scale9Height": 25,
                  "scale9Width": 442
                }
              },
              {
                "classname": "ImageView",
                "name": null,
                "children": [],
                "options": {
                  "__type": "ImageViewSurrogate:#EditorCommon.JsonModel.Component.GUI",
                  "classname": "ImageView",
                  "name": "Image_14",
                  "ZOrder": 1,
                  "actiontag": 20014316,
                  "anchorPointX": 0.5,
                  "anchorPointY": 0.5,
                  "classType": "CocoStudio.EngineAdapterWrap.CSImageView",
                  "colorB": 255,
                  "colorG": 255,
                  "colorR": 255,
                  "customProperty": "",
                  "flipX": false,
                  "flipY": false,
                  "height": 36,
                  "ignoreSize": true,
                  "layoutParameter": null,
                  "opacity": 255,
                  "positionPercentX": -0.004514673,
                  "positionPercentY": 0.4401806,
                  "positionType": 0,
                  "rotation": 0,
                  "scaleX": 1,
                  "scaleY": 1,
                  "sizePercentX": 0.164785549,
                  "sizePercentY": 0.08126411,
                  "sizeType": 0,
                  "tag": 1331179403,
                  "touchAble": false,
                  "useMergedTexture": false,
                  "visible": true,
                  "width": 73,
                  "x": -2,
                  "y": 195,
                  "capInsetsHeight": 1,
                  "capInsetsWidth": 1,
                  "capInsetsX": 0,
                  "capInsetsY": 0,
                  "fileName": null,
                  "fileNameData": {
                    "path": "ui/PropTitle.png",
                    "plistFile": "",
                    "resourceType": 0
                  },
                  "scale9Enable": false,
                  "scale9Height": 36,
                  "scale9Width": 73
                }
              }
            ],
            "options": {
              "__type": "ImageViewSurrogate:#EditorCommon.JsonModel.Component.GUI",
              "classname": "ImageView",
              "name": "Image_19",
              "ZOrder": 0,
              "actiontag": 62260459,
              "anchorPointX": 0.5,
              "anchorPointY": 0.5,
              "classType": "CocoStudio.EngineAdapterWrap.CSImageView",
              "colorB": 255,
              "colorG": 255,
              "colorR": 255,
              "customProperty": "",
              "flipX": false,
              "flipY": false,
              "height": 443,
              "ignoreSize": false,
              "layoutParameter": null,
              "opacity": 255,
              "positionPercentX": 0.258333325,
              "positionPercentY": 0.459259272,
              "positionType": 0,
              "rotation": 0,
              "scaleX": 1,
              "scaleY": 1,
              "sizePercentX": 0.461458325,
              "sizePercentY": 0.8203704,
              "sizeType": 0,
              "tag": 1331179379,
              "touchAble": false,
              "useMergedTexture": false,
              "visible": true,
              "width": 443,
              "x": 248,
              "y": 248,
              "capInsetsHeight": 1,
              "capInsetsWidth": 1,
              "capInsetsX": 18,
              "capInsetsY": 18,
              "fileName": null,
              "fileNameData": {
                "path": "Common/Common_frame.png",
                "plistFile": "",
                "resourceType": 0
              },
              "scale9Enable": true,
              "scale9Height": 443,
              "scale9Width": 443
            }
          },
          {
            "classname": "Panel",
            "name": null,
            "children": [
              {
                "classname": "Button",
                "name": null,
                "children": [
                  {
                    "classname": "ImageView",
                    "name": null,
                    "children": [
                      {
                        "classname": "Label",
                        "name": null,
                        "children": [],
                        "options": {
                          "__type": "LabelSurrogate:#EditorCommon.JsonModel.Component.GUI",
                          "classname": "Label",
                          "name": "Label_20",
                          "ZOrder": 0,
                          "actiontag": 43526102,
                          "anchorPointX": 0,
                          "anchorPointY": 0.5,
                          "classType": "CocoStudio.EngineAdapterWrap.CSLabel",
                          "colorB": 255,
                          "colorG": 255,
                          "colorR": 255,
                          "customProperty": "",
                          "flipX": false,
                          "flipY": false,
                          "height": 21,
                          "ignoreSize": true,
                          "layoutParameter": null,
                          "opacity": 255,
                          "positionPercentX": -0.3255814,
                          "positionPercentY": 0.164705887,
                          "positionType": 0,
                          "rotation": 0,
                          "scaleX": 1,
                          "scaleY": 1,
                          "sizePercentX": 0.279069781,
                          "sizePercentY": 0.247058824,
                          "sizeType": 0,
                          "tag": 1331179409,
                          "touchAble": false,
                          "useMergedTexture": false,
                          "visible": true,
                          "width": 36,
                          "x": -42,
                          "y": 14,
                          "areaHeight": 0,
                          "areaWidth": 0,
                          "fontFile": null,
                          "fontName": "微软雅黑",
                          "fontSize": 16,
                          "hAlignment": 0,
                          "text": "金币:",
                          "touchScaleEnable": false,
                          "vAlignment": 0
                        }
                      },
                      {
                        "classname": "Label",
                        "name": null,
                        "children": [],
                        "options": {
                          "__type": "LabelSurrogate:#EditorCommon.JsonModel.Component.GUI",
                          "classname": "Label",
                          "name": "Label_20_0",
                          "ZOrder": 0,
                          "actiontag": 40878823,
                          "anchorPointX": 0,
                          "anchorPointY": 0.5,
                          "classType": "CocoStudio.EngineAdapterWrap.CSLabel",
                          "colorB": 255,
                          "colorG": 255,
                          "colorR": 255,
                          "customProperty": "",
                          "flipX": false,
                          "flipY": false,
                          "height": 21,
                          "ignoreSize": true,
                          "layoutParameter": null,
                          "opacity": 255,
                          "positionPercentX": -0.3255814,
                          "positionPercentY": -0.152941182,
                          "positionType": 0,
                          "rotation": 0,
                          "scaleX": 1,
                          "scaleY": 1,
                          "sizePercentX": 0.279069781,
                          "sizePercentY": 0.247058824,
                          "sizeType": 0,
                          "tag": 1331179411,
                          "touchAble": false,
                          "useMergedTexture": false,
                          "visible": true,
                          "width": 36,
                          "x": -42,
                          "y": -13,
                          "areaHeight": 0,
                          "areaWidth": 0,
                          "fontFile": null,
                          "fontName": "微软雅黑",
                          "fontSize": 16,
                          "hAlignment": 0,
                          "text": "表现:",
                          "touchScaleEnable": false,
                          "vAlignment": 0
                        }
                      },
                      {
                        "classname": "Label",
                        "name": null,
                        "children": [],
                        "options": {
                          "__type": "LabelSurrogate:#EditorCommon.JsonModel.Component.GUI",
                          "classname": "Label",
                          "name": "GoldLabel",
                          "ZOrder": 0,
                          "actiontag": 20874040,
                          "anchorPointX": 0,
                          "anchorPointY": 0.5,
                          "classType": "CocoStudio.EngineAdapterWrap.CSLabel",
                          "colorB": 255,
                          "colorG": 255,
                          "colorR": 255,
                          "customProperty": "",
                          "flipX": false,
                          "flipY": false,
                          "height": 21,
                          "ignoreSize": true,
                          "layoutParameter": null,
                          "opacity": 255,
                          "positionPercentX": -0.0155038759,
                          "positionPercentY": 0.152941182,
                          "positionType": 0,
                          "rotation": 0,
                          "scaleX": 1,
                          "scaleY": 1,
                          "sizePercentX": 0.341085285,
                          "sizePercentY": 0.247058824,
                          "sizeType": 0,
                          "tag": 1331179412,
                          "touchAble": false,
                          "useMergedTexture": false,
                          "visible": true,
                          "width": 44,
                          "x": -2,
                          "y": 13,
                          "areaHeight": 0,
                          "areaWidth": 0,
                          "fontFile": null,
                          "fontName": "微软雅黑",
                          "fontSize": 16,
                          "hAlignment": 0,
                          "text": "+10%",
                          "touchScaleEnable": false,
                          "vAlignment": 0
                        }
                      },
                      {
                        "classname": "Label",
                        "name": null,
                        "children": [],
                        "options": {
                          "__type": "LabelSurrogate:#EditorCommon.JsonModel.Component.GUI",
                          "classname": "Label",
                          "name": "AbilityLabel",
                          "ZOrder": 0,
                          "actiontag": 14520731,
                          "anchorPointX": 0,
                          "anchorPointY": 0.5,
                          "classType": "CocoStudio.EngineAdapterWrap.CSLabel",
                          "colorB": 255,
                          "colorG": 255,
                          "colorR": 255,
                          "customProperty": "",
                          "flipX": false,
                          "flipY": false,
                          "height": 21,
                          "ignoreSize": true,
                          "layoutParameter": null,
                          "opacity": 255,
                          "positionPercentX": -0.0155038759,
                          "positionPercentY": -0.141176477,
                          "positionType": 0,
                          "rotation": 0,
                          "scaleX": 1,
                          "scaleY": 1,
                          "sizePercentX": 0.341085285,
                          "sizePercentY": 0.247058824,
                          "sizeType": 0,
                          "tag": 1331179413,
                          "touchAble": false,
                          "useMergedTexture": false,
                          "visible": true,
                          "width": 44,
                          "x": -2,
                          "y": -12,
                          "areaHeight": 0,
                          "areaWidth": 0,
                          "fontFile": null,
                          "fontName": "微软雅黑",
                          "fontSize": 16,
                          "hAlignment": 0,
                          "text": "+10%",
                          "touchScaleEnable": false,
                          "vAlignment": 0
                        }
                      }
                    ],
                    "options": {
                      "__type": "ImageViewSurrogate:#EditorCommon.JsonModel.Component.GUI",
                      "classname": "ImageView",
                      "name": "Image_18",
                      "ZOrder": 0,
                      "actiontag": 35276457,
                      "anchorPointX": 0.5,
                      "anchorPointY": 0.5,
                      "classType": "CocoStudio.EngineAdapterWrap.CSImageView",
                      "colorB": 255,
                      "colorG": 255,
                      "colorR": 255,
                      "customProperty": "",
                      "flipX": false,
                      "flipY": false,
                      "height": 85,
                      "ignoreSize": true,
                      "layoutParameter": null,
                      "opacity": 255,
                      "positionPercentX": 0.317796618,
                      "positionPercentY": 0.327067673,
                      "positionType": 0,
                      "rotation": 0,
                      "scaleX": 1,
                      "scaleY": 1,
                      "sizePercentX": 0.5466102,
                      "sizePercentY": 0.319548875,
                      "sizeType": 0,
                      "tag": 1331179407,
                      "touchAble": false,
                      "useMergedTexture": false,
                      "visible": true,
                      "width": 129,
                      "x": 75,
                      "y": 87,
                      "capInsetsHeight": 1,
                      "capInsetsWidth": 1,
                      "capInsetsX": 0,
                      "capInsetsY": 0,
                      "fileName": null,
                      "fileNameData": {
                        "path": "Common/Common_2.png",
                        "plistFile": "",
                        "resourceType": 0
                      },
                      "scale9Enable": false,
                      "scale9Height": 85,
                      "scale9Width": 129
                    }
                  },
                  {
                    "classname": "Label",
                    "name": null,
                    "children": [],
                    "options": {
                      "__type": "LabelSurrogate:#EditorCommon.JsonModel.Component.GUI",
                      "classname": "Label",
                      "name": "RoleRecmond",
                      "ZOrder": 0,
                      "actiontag": 53213610,
                      "anchorPointX": 0.5,
                      "anchorPointY": 0.5,
                      "classType": "CocoStudio.EngineAdapterWrap.CSLabel",
                      "colorB": 254,
                      "colorG": 251,
                      "colorR": 237,
                      "customProperty": "",
                      "flipX": false,
                      "flipY": false,
                      "height": 27,
                      "ignoreSize": true,
                      "layoutParameter": null,
                      "opacity": 255,
                      "positionPercentX": -0.6737288,
                      "positionPercentY": 0.342105269,
                      "positionType": 0,
                      "rotation": 0,
                      "scaleX": 1,
                      "scaleY": 1,
                      "sizePercentX": 0.338983059,
                      "sizePercentY": 0.10150376,
                      "sizeType": 0,
                      "tag": 1331179414,
                      "touchAble": false,
                      "useMergedTexture": false,
                      "visible": false,
                      "width": 80,
                      "x": -159,
                      "y": 91,
                      "areaHeight": 0,
                      "areaWidth": 0,
                      "fontFile": null,
                      "fontName": "微软雅黑",
                      "fontSize": 20,
                      "hAlignment": 0,
                      "text": "角色推荐",
                      "touchScaleEnable": false,
                      "vAlignment": 0
                    }
                  },
                  {
                    "classname": "Label",
                    "name": null,
                    "children": [],
                    "options": {
                      "__type": "LabelSurrogate:#EditorCommon.JsonModel.Component.GUI",
                      "classname": "Label",
                      "name": "RolePrice",
                      "ZOrder": 0,
                      "actiontag": 63138194,
                      "anchorPointX": 0.5,
                      "anchorPointY": 0.5,
                      "classType": "CocoStudio.EngineAdapterWrap.CSLabel",
                      "colorB": 254,
                      "colorG": 251,
                      "colorR": 237,
                      "customProperty": "",
                      "flipX": false,
                      "flipY": false,
                      "height": 27,
                      "ignoreSize": true,
                      "layoutParameter": null,
                      "opacity": 255,
                      "positionPercentX": 0.7669492,
                      "positionPercentY": 0.338345855,
                      "positionType": 0,
                      "rotation": 0,
                      "scaleX": 1,
                      "scaleY": 1,
                      "sizePercentX": 0.186440676,
                      "sizePercentY": 0.10150376,
                      "sizeType": 0,
                      "tag": 1331179416,
                      "touchAble": false,
                      "useMergedTexture": false,
                      "visible": false,
                      "width": 44,
                      "x": 181,
                      "y": 90,
                      "areaHeight": 0,
                      "areaWidth": 0,
                      "fontFile": null,
                      "fontName": "微软雅黑",
                      "fontSize": 20,
                      "hAlignment": 0,
                      "text": "10元",
                      "touchScaleEnable": false,
                      "vAlignment": 0
                    }
                  },
                  {
                    "classname": "ImageView",
                    "name": null,
                    "children": [],
                    "options": {
                      "__type": "ImageViewSurrogate:#EditorCommon.JsonModel.Component.GUI",
                      "classname": "ImageView",
                      "name": "Image_25",
                      "ZOrder": 0,
                      "actiontag": 41977438,
                      "anchorPointX": 0.5,
                      "anchorPointY": 0.5,
                      "classType": "CocoStudio.EngineAdapterWrap.CSImageView",
                      "colorB": 255,
                      "colorG": 255,
                      "colorR": 255,
                      "customProperty": "",
                      "flipX": false,
                      "flipY": false,
                      "height": 42,
                      "ignoreSize": true,
                      "layoutParameter": null,
                      "opacity": 255,
                      "positionPercentX": -0.122881353,
                      "positionPercentY": -0.5488722,
                      "positionType": 0,
                      "rotation": 0,
                      "scaleX": 1,
                      "scaleY": 1,
                      "sizePercentX": 0.5,
                      "sizePercentY": 0.157894731,
                      "sizeType": 0,
                      "tag": 1331179385,
                      "touchAble": false,
                      "useMergedTexture": false,
                      "visible": true,
                      "width": 118,
                      "x": -29,
                      "y": -146,
                      "capInsetsHeight": 1,
                      "capInsetsWidth": 1,
                      "capInsetsX": 0,
                      "capInsetsY": 0,
                      "fileName": null,
                      "fileNameData": {
                        "path": "Common/Commom_di.png",
                        "plistFile": "",
                        "resourceType": 0
                      },
                      "scale9Enable": false,
                      "scale9Height": 42,
                      "scale9Width": 118
                    }
                  },
                  {
                    "classname": "Button",
                    "name": null,
                    "children": [
                      {
                        "classname": "ImageView",
                        "name": null,
                        "children": [],
                        "options": {
                          "__type": "ImageViewSurrogate:#EditorCommon.JsonModel.Component.GUI",
                          "classname": "ImageView",
                          "name": "Image_15",
                          "ZOrder": 0,
                          "actiontag": 49627644,
                          "anchorPointX": 0.5,
                          "anchorPointY": 0.5,
                          "classType": "CocoStudio.EngineAdapterWrap.CSImageView",
                          "colorB": 255,
                          "colorG": 255,
                          "colorR": 255,
                          "customProperty": "",
                          "flipX": false,
                          "flipY": false,
                          "height": 25,
                          "ignoreSize": true,
                          "layoutParameter": null,
                          "opacity": 255,
                          "positionPercentX": -0.0123456791,
                          "positionPercentY": 0.04,
                          "positionType": 0,
                          "rotation": 0,
                          "scaleX": 1,
                          "scaleY": 1,
                          "sizePercentX": 0.5925926,
                          "sizePercentY": 0.5,
                          "sizeType": 0,
                          "tag": 1331179404,
                          "touchAble": false,
                          "useMergedTexture": false,
                          "visible": true,
                          "width": 48,
                          "x": -1,
                          "y": 2,
                          "capInsetsHeight": 1,
                          "capInsetsWidth": 1,
                          "capInsetsX": 0,
                          "capInsetsY": 0,
                          "fileName": null,
                          "fileNameData": {
                            "path": "ui/roleLabel.png",
                            "plistFile": "",
                            "resourceType": 0
                          },
                          "scale9Enable": false,
                          "scale9Height": 25,
                          "scale9Width": 48
                        }
                      },
                      {
                        "classname": "ImageView",
                        "name": null,
                        "children": [],
                        "options": {
                          "__type": "ImageViewSurrogate:#EditorCommon.JsonModel.Component.GUI",
                          "classname": "ImageView",
                          "name": "tip1",
                          "ZOrder": 0,
                          "actiontag": 56761457,
                          "anchorPointX": 0.5,
                          "anchorPointY": 0.5,
                          "classType": "CocoStudio.EngineAdapterWrap.CSImageView",
                          "colorB": 255,
                          "colorG": 255,
                          "colorR": 255,
                          "customProperty": "",
                          "flipX": false,
                          "flipY": false,
                          "height": 28,
                          "ignoreSize": true,
                          "layoutParameter": null,
                          "opacity": 255,
                          "positionPercentX": 0.395061731,
                          "positionPercentY": 0.35499993,
                          "positionType": 0,
                          "rotation": 0,
                          "scaleX": 1,
                          "scaleY": 1,
                          "sizePercentX": 0.9876543,
                          "sizePercentY": 1.6,
                          "sizeType": 0,
                          "tag": 1331182890,
                          "touchAble": false,
                          "useMergedTexture": false,
                          "visible": true,
                          "width": 28,
                          "x": 32,
                          "y": 17,
                          "capInsetsHeight": 1,
                          "capInsetsWidth": 1,
                          "capInsetsX": 0,
                          "capInsetsY": 0,
                          "fileName": null,
                          "fileNameData": {
                            "path": "ui/Tips.png",
                            "plistFile": "",
                            "resourceType": 0
                          },
                          "scale9Enable": false,
                          "scale9Height": 28,
                          "scale9Width": 28
                        }
                      }
                    ],
                    "options": {
                      "__type": "ButtonSurrogate:#EditorCommon.JsonModel.Component.GUI",
                      "classname": "Button",
                      "name": "Rolebtn",
                      "ZOrder": 0,
                      "actiontag": 1340924,
                      "anchorPointX": 0.5,
                      "anchorPointY": 0.5,
                      "classType": "CocoStudio.EngineAdapterWrap.CSButton",
                      "colorB": 255,
                      "colorG": 255,
                      "colorR": 255,
                      "customProperty": "",
                      "flipX": false,
                      "flipY": false,
                      "height": 50,
                      "ignoreSize": true,
                      "layoutParameter": null,
                      "opacity": 255,
                      "positionPercentX": -0.266949147,
                      "positionPercentY": -0.7105263,
                      "positionType": 0,
                      "rotation": 0,
                      "scaleX": 1,
                      "scaleY": 1,
                      "sizePercentX": 0.343220353,
                      "sizePercentY": 0.187969923,
                      "sizeType": 0,
                      "tag": 1331179386,
                      "touchAble": true,
                      "useMergedTexture": false,
                      "visible": true,
                      "width": 81,
                      "x": -63,
                      "y": -189,
                      "capInsetsHeight": 1,
                      "capInsetsWidth": 1,
                      "capInsetsX": 0,
                      "capInsetsY": 0,
                      "disabled": null,
                      "disabledData": {
                        "path": null,
                        "plistFile": null,
                        "resourceType": 0
                      },
                      "fontName": "微软雅黑",
                      "fontSize": 14,
                      "fontType": 0,
                      "normal": null,
                      "normalData": {
                        "path": "Common/Common_rolebtn1.png",
                        "plistFile": "",
                        "resourceType": 0
                      },
                      "pressed": null,
                      "pressedData": {
                        "path": "Common/Common_rolebtn2.png",
                        "plistFile": "",
                        "resourceType": 0
                      },
                      "scale9Enable": false,
                      "scale9Height": 50,
                      "scale9Width": 81,
                      "text": "",
                      "textColorB": 255,
                      "textColorG": 255,
                      "textColorR": 255
                    }
                  },
                  {
                    "classname": "Button",
                    "name": null,
                    "children": [
                      {
                        "classname": "ImageView",
                        "name": null,
                        "children": [],
                        "options": {
                          "__type": "ImageViewSurrogate:#EditorCommon.JsonModel.Component.GUI",
                          "classname": "ImageView",
                          "name": "Image_16",
                          "ZOrder": 0,
                          "actiontag": 40656221,
                          "anchorPointX": 0.5,
                          "anchorPointY": 0.5,
                          "classType": "CocoStudio.EngineAdapterWrap.CSImageView",
                          "colorB": 255,
                          "colorG": 255,
                          "colorR": 255,
                          "customProperty": "",
                          "flipX": false,
                          "flipY": false,
                          "height": 24,
                          "ignoreSize": true,
                          "layoutParameter": null,
                          "opacity": 255,
                          "positionPercentX": -0.0123456791,
                          "positionPercentY": 0.04,
                          "positionType": 0,
                          "rotation": 0,
                          "scaleX": 1,
                          "scaleY": 1,
                          "sizePercentX": 0.5925926,
                          "sizePercentY": 0.48,
                          "sizeType": 0,
                          "tag": 1331180176,
                          "touchAble": false,
                          "useMergedTexture": false,
                          "visible": true,
                          "width": 48,
                          "x": -1,
                          "y": 2,
                          "capInsetsHeight": 1,
                          "capInsetsWidth": 1,
                          "capInsetsX": 0,
                          "capInsetsY": 0,
                          "fileName": null,
                          "fileNameData": {
                            "path": "ui/Achievelabel.png",
                            "plistFile": "",
                            "resourceType": 0
                          },
                          "scale9Enable": false,
                          "scale9Height": 24,
                          "scale9Width": 48
                        }
                      },
                      {
                        "classname": "ImageView",
                        "name": null,
                        "children": [],
                        "options": {
                          "__type": "ImageViewSurrogate:#EditorCommon.JsonModel.Component.GUI",
                          "classname": "ImageView",
                          "name": "tip2",
                          "ZOrder": 0,
                          "actiontag": 8645166,
                          "anchorPointX": 0.5,
                          "anchorPointY": 0.5,
                          "classType": "CocoStudio.EngineAdapterWrap.CSImageView",
                          "colorB": 255,
                          "colorG": 255,
                          "colorR": 255,
                          "customProperty": "",
                          "flipX": false,
                          "flipY": false,
                          "height": 28,
                          "ignoreSize": true,
                          "layoutParameter": null,
                          "opacity": 255,
                          "positionPercentX": 0.3827154,
                          "positionPercentY": 0.35499993,
                          "positionType": 0,
                          "rotation": 0,
                          "scaleX": 1,
                          "scaleY": 1,
                          "sizePercentX": 0.9876543,
                          "sizePercentY": 1.6,
                          "sizeType": 0,
                          "tag": 1331182892,
                          "touchAble": false,
                          "useMergedTexture": false,
                          "visible": true,
                          "width": 28,
                          "x": 30,
                          "y": 17,
                          "capInsetsHeight": 1,
                          "capInsetsWidth": 1,
                          "capInsetsX": 0,
                          "capInsetsY": 0,
                          "fileName": null,
                          "fileNameData": {
                            "path": "ui/Tips.png",
                            "plistFile": "",
                            "resourceType": 0
                          },
                          "scale9Enable": false,
                          "scale9Height": 28,
                          "scale9Width": 28
                        }
                      }
                    ],
                    "options": {
                      "__type": "ButtonSurrogate:#EditorCommon.JsonModel.Component.GUI",
                      "classname": "Button",
                      "name": "AchieveBtn",
                      "ZOrder": 0,
                      "actiontag": 11973898,
                      "anchorPointX": 0.5,
                      "anchorPointY": 0.5,
                      "classType": "CocoStudio.EngineAdapterWrap.CSButton",
                      "colorB": 255,
                      "colorG": 255,
                      "colorR": 255,
                      "customProperty": "",
                      "flipX": false,
                      "flipY": false,
                      "height": 50,
                      "ignoreSize": true,
                      "layoutParameter": null,
                      "opacity": 255,
                      "positionPercentX": 0.1822034,
                      "positionPercentY": -0.7105263,
                      "positionType": 0,
                      "rotation": 0,
                      "scaleX": 1,
                      "scaleY": 1,
                      "sizePercentX": 0.343220353,
                      "sizePercentY": 0.187969923,
                      "sizeType": 0,
                      "tag": 1331180175,
                      "touchAble": true,
                      "useMergedTexture": false,
                      "visible": true,
                      "width": 81,
                      "x": 43,
                      "y": -189,
                      "capInsetsHeight": 1,
                      "capInsetsWidth": 1,
                      "capInsetsX": 0,
                      "capInsetsY": 0,
                      "disabled": null,
                      "disabledData": {
                        "path": null,
                        "plistFile": null,
                        "resourceType": 0
                      },
                      "fontName": "微软雅黑",
                      "fontSize": 14,
                      "fontType": 0,
                      "normal": null,
                      "normalData": {
                        "path": "Common/Common_rolebtn1.png",
                        "plistFile": "",
                        "resourceType": 0
                      },
                      "pressed": null,
                      "pressedData": {
                        "path": "Common/Common_rolebtn2.png",
                        "plistFile": "",
                        "resourceType": 0
                      },
                      "scale9Enable": false,
                      "scale9Height": 50,
                      "scale9Width": 81,
                      "text": "",
                      "textColorB": 255,
                      "textColorG": 255,
                      "textColorR": 255
                    }
                  }
                ],
                "options": {
                  "__type": "ButtonSurrogate:#EditorCommon.JsonModel.Component.GUI",
                  "classname": "Button",
                  "name": "RoleImg",
                  "ZOrder": 0,
                  "actiontag": 37178185,
                  "anchorPointX": 0.5,
                  "anchorPointY": 0.5,
                  "classType": "CocoStudio.EngineAdapterWrap.CSButton",
                  "colorB": 255,
                  "colorG": 255,
                  "colorR": 255,
                  "customProperty": "",
                  "flipX": false,
                  "flipY": false,
                  "height": 266,
                  "ignoreSize": true,
                  "layoutParameter": null,
                  "opacity": 255,
                  "positionPercentX": 0.03,
                  "positionPercentY": 0.38,
                  "positionType": 0,
                  "rotation": 0,
                  "scaleX": 1,
                  "scaleY": 1,
                  "sizePercentX": 1.18,
                  "sizePercentY": 1.33,
                  "sizeType": 0,
                  "tag": 1331179383,
                  "touchAble": true,
                  "useMergedTexture": false,
                  "visible": true,
                  "width": 236,
                  "x": 6,
                  "y": 76,
                  "capInsetsHeight": 1,
                  "capInsetsWidth": 1,
                  "capInsetsX": 0,
                  "capInsetsY": 0,
                  "disabled": null,
                  "disabledData": {
                    "path": null,
                    "plistFile": null,
                    "resourceType": 0
                  },
                  "fontName": "微软雅黑",
                  "fontSize": 14,
                  "fontType": 0,
                  "normal": null,
                  "normalData": {
                    "path": "ui/role_3.png",
                    "plistFile": "",
                    "resourceType": 0
                  },
                  "pressed": null,
                  "pressedData": {
                    "path": null,
                    "plistFile": null,
                    "resourceType": 0
                  },
                  "scale9Enable": false,
                  "scale9Height": 266,
                  "scale9Width": 236,
                  "text": "",
                  "textColorB": 255,
                  "textColorG": 255,
                  "textColorR": 255
                }
              },
              {
                "classname": "Button",
                "name": null,
                "children": [
                  {
                    "classname": "ImageView",
                    "name": null,
                    "children": [],
                    "options": {
                      "__type": "ImageViewSurrogate:#EditorCommon.JsonModel.Component.GUI",
                      "classname": "ImageView",
                      "name": "Image_17",
                      "ZOrder": 0,
                      "actiontag": 52963979,
                      "anchorPointX": 0.5,
                      "anchorPointY": 0.5,
                      "classType": "CocoStudio.EngineAdapterWrap.CSImageView",
                      "colorB": 255,
                      "colorG": 255,
                      "colorR": 255,
                      "customProperty": "",
                      "flipX": false,
                      "flipY": false,
                      "height": 34,
                      "ignoreSize": true,
                      "layoutParameter": null,
                      "opacity": 255,
                      "positionPercentX": 0,
                      "positionPercentY": 0.07865169,
                      "positionType": 0,
                      "rotation": 0,
                      "scaleX": 1,
                      "scaleY": 1,
                      "sizePercentX": 0.493007,
                      "sizePercentY": 0.38202247,
                      "sizeType": 0,
                      "tag": 1331179406,
                      "touchAble": false,
                      "useMergedTexture": false,
                      "visible": true,
                      "width": 141,
                      "x": 0,
                      "y": 7,
                      "capInsetsHeight": 1,
                      "capInsetsWidth": 1,
                      "capInsetsX": 0,
                      "capInsetsY": 0,
                      "fileName": null,
                      "fileNameData": {
                        "path": "ui/StartGameLabel.png",
                        "plistFile": "",
                        "resourceType": 0
                      },
                      "scale9Enable": false,
                      "scale9Height": 34,
                      "scale9Width": 141
                    }
                  }
                ],
                "options": {
                  "__type": "ButtonSurrogate:#EditorCommon.JsonModel.Component.GUI",
                  "classname": "Button",
                  "name": "StartGame",
                  "ZOrder": 0,
                  "actiontag": 60750544,
                  "anchorPointX": 0.5,
                  "anchorPointY": 0.5,
                  "classType": "CocoStudio.EngineAdapterWrap.CSButton",
                  "colorB": 255,
                  "colorG": 255,
                  "colorR": 255,
                  "customProperty": "",
                  "flipX": false,
                  "flipY": false,
                  "height": 89,
                  "ignoreSize": true,
                  "layoutParameter": null,
                  "opacity": 255,
                  "positionPercentX": -0.01,
                  "positionPercentY": -0.97,
                  "positionType": 0,
                  "rotation": 0,
                  "scaleX": 1,
                  "scaleY": 1,
                  "sizePercentX": 1.43,
                  "sizePercentY": 0.445,
                  "sizeType": 0,
                  "tag": 1331179405,
                  "touchAble": true,
                  "useMergedTexture": false,
                  "visible": true,
                  "width": 286,
                  "x": -2,
                  "y": -194,
                  "capInsetsHeight": 1,
                  "capInsetsWidth": 1,
                  "capInsetsX": 0,
                  "capInsetsY": 0,
                  "disabled": null,
                  "disabledData": {
                    "path": null,
                    "plistFile": null,
                    "resourceType": 0
                  },
                  "fontName": "微软雅黑",
                  "fontSize": 14,
                  "fontType": 0,
                  "normal": null,
                  "normalData": {
                    "path": "Common/Common_startbtn1.png",
                    "plistFile": "",
                    "resourceType": 0
                  },
                  "pressed": null,
                  "pressedData": {
                    "path": "Common/Common_startbtn2.png",
                    "plistFile": "",
                    "resourceType": 0
                  },
                  "scale9Enable": false,
                  "scale9Height": 89,
                  "scale9Width": 286,
                  "text": "",
                  "textColorB": 255,
                  "textColorG": 255,
                  "textColorR": 255
                }
              },
              {
                "classname": "Label",
                "name": null,
                "children": [],
                "options": {
                  "__type": "LabelSurrogate:#EditorCommon.JsonModel.Component.GUI",
                  "classname": "Label",
                  "name": "Label_23",
                  "ZOrder": 0,
                  "actiontag": 54884537,
                  "anchorPointX": 0.5,
                  "anchorPointY": 0.5,
                  "classType": "CocoStudio.EngineAdapterWrap.CSLabel",
                  "colorB": 254,
                  "colorG": 251,
                  "colorR": 237,
                  "customProperty": "",
                  "flipX": false,
                  "flipY": false,
                  "height": 27,
                  "ignoreSize": true,
                  "layoutParameter": null,
                  "opacity": 255,
                  "positionPercentX": -0.575,
                  "positionPercentY": 0.945,
                  "positionType": 0,
                  "rotation": 0,
                  "scaleX": 1,
                  "scaleY": 1,
                  "sizePercentX": 0.4,
                  "sizePercentY": 0.135,
                  "sizeType": 0,
                  "tag": 1331180946,
                  "touchAble": false,
                  "useMergedTexture": false,
                  "visible": true,
                  "width": 80,
                  "x": -115,
                  "y": 189,
                  "areaHeight": 0,
                  "areaWidth": 0,
                  "fontFile": null,
                  "fontName": "微软雅黑",
                  "fontSize": 20,
                  "hAlignment": 0,
                  "text": "角色推荐",
                  "touchScaleEnable": false,
                  "vAlignment": 0
                }
              },
              {
                "classname": "Label",
                "name": null,
                "children": [],
                "options": {
                  "__type": "LabelSurrogate:#EditorCommon.JsonModel.Component.GUI",
                  "classname": "Label",
                  "name": "QuestPrice",
                  "ZOrder": 0,
                  "actiontag": 42999562,
                  "anchorPointX": 0.5,
                  "anchorPointY": 0.5,
                  "classType": "CocoStudio.EngineAdapterWrap.CSLabel",
                  "colorB": 254,
                  "colorG": 251,
                  "colorR": 237,
                  "customProperty": "",
                  "flipX": false,
                  "flipY": false,
                  "height": 27,
                  "ignoreSize": true,
                  "layoutParameter": null,
                  "opacity": 255,
                  "positionPercentX": 0.895,
                  "positionPercentY": 0.945,
                  "positionType": 0,
                  "rotation": 0,
                  "scaleX": 1,
                  "scaleY": 1,
                  "sizePercentX": 0.22,
                  "sizePercentY": 0.135,
                  "sizeType": 0,
                  "tag": 1331180947,
                  "touchAble": false,
                  "useMergedTexture": false,
                  "visible": true,
                  "width": 44,
                  "x": 179,
                  "y": 189,
                  "areaHeight": 0,
                  "areaWidth": 0,
                  "fontFile": null,
                  "fontName": "微软雅黑",
                  "fontSize": 20,
                  "hAlignment": 0,
                  "text": "10元",
                  "touchScaleEnable": false,
                  "vAlignment": 0
                }
              }
            ],
            "options": {
              "__type": "PanelSurrogate:#EditorCommon.JsonModel.Component.GUI",
              "classname": "Panel",
              "name": "Panel_22",
              "ZOrder": 0,
              "actiontag": 61801863,
              "anchorPointX": 0.5,
              "anchorPointY": 0.5,
              "classType": "CocoStudio.EngineAdapterWrap.CSPanel",
              "colorB": 255,
              "colorG": 255,
              "colorR": 255,
              "customProperty": "",
              "flipX": false,
              "flipY": false,
              "height": 200,
              "ignoreSize": false,
              "layoutParameter": null,
              "opacity": 255,
              "positionPercentX": 0.75,
              "positionPercentY": 0.462962955,
              "positionType": 0,
              "rotation": 0,
              "scaleX": 1,
              "scaleY": 1,
              "sizePercentX": 0.208333328,
              "sizePercentY": 0.370370358,
              "sizeType": 0,
              "tag": 1331180663,
              "touchAble": true,
              "useMergedTexture": false,
              "visible": true,
              "width": 200,
              "x": 720,
              "y": 250,
              "adaptScreen": false,
              "backGroundImage": null,
              "backGroundImageData": null,
              "backGroundScale9Enable": false,
              "bgColorB": 255,
              "bgColorG": 200,
              "bgColorOpacity": 0,
              "bgColorR": 150,
              "bgEndColorB": 255,
              "bgEndColorG": 200,
              "bgEndColorR": 150,
              "bgStartColorB": 255,
              "bgStartColorG": 255,
              "bgStartColorR": 255,
              "capInsetsHeight": 1,
              "capInsetsWidth": 1,
              "capInsetsX": 0,
              "capInsetsY": 0,
              "clipAble": false,
              "colorType": 1,
              "layoutType": 0,
              "vectorX": 0,
              "vectorY": -0.5
            }
          }
        ],
        "options": {
          "__type": "ImageViewSurrogate:#EditorCommon.JsonModel.Component.GUI",
          "classname": "ImageView",
          "name": "Image_17",
          "ZOrder": 0,
          "actiontag": 27093500,
          "anchorPointX": 0,
          "anchorPointY": 0,
          "classType": "CocoStudio.EngineAdapterWrap.CSImageView",
          "colorB": 255,
          "colorG": 255,
          "colorR": 255,
          "customProperty": "",
          "flipX": false,
          "flipY": false,
          "height": 540,
          "ignoreSize": true,
          "layoutParameter": null,
          "opacity": 255,
          "positionPercentX": 0,
          "positionPercentY": 0.00185185182,
          "positionType": 1,
          "rotation": 0,
          "scaleX": 1,
          "scaleY": 1,
          "sizePercentX": 1,
          "sizePercentY": 1,
          "sizeType": 0,
          "tag": 1331179377,
          "touchAble": false,
          "useMergedTexture": false,
          "visible": true,
          "width": 960,
          "x": 0,
          "y": 1,
          "capInsetsHeight": 1,
          "capInsetsWidth": 1,
          "capInsetsX": 0,
          "capInsetsY": 0,
          "fileName": null,
          "fileNameData": {
            "path": "Common/Commonbg.jpg",
            "plistFile": "",
            "resourceType": 0
          },
          "scale9Enable": false,
          "scale9Height": 540,
          "scale9Width": 960
        }
      }
    ],
    "options": {
      "__type": "PanelSurrogate:#EditorCommon.JsonModel.Component.GUI",
      "classname": "Panel",
      "name": "Panel_3",
      "ZOrder": 0,
      "actiontag": -1,
      "anchorPointX": 0,
      "anchorPointY": 0,
      "classType": "CocoStudio.EngineAdapterWrap.CSPanel",
      "colorB": 255,
      "colorG": 255,
      "colorR": 255,
      "customProperty": "",
      "flipX": false,
      "flipY": false,
      "height": 540,
      "ignoreSize": false,
      "layoutParameter": null,
      "opacity": 255,
      "positionPercentX": 0,
      "positionPercentY": 0,
      "positionType": 0,
      "rotation": 0,
      "scaleX": 1,
      "scaleY": 1,
      "sizePercentX": 1,
      "sizePercentY": 1,
      "sizeType": 0,
      "tag": 1331179358,
      "touchAble": true,
      "useMergedTexture": false,
      "visible": true,
      "width": 960,
      "x": 0,
      "y": 0,
      "adaptScreen": true,
      "backGroundImage": null,
      "backGroundImageData": null,
      "backGroundScale9Enable": false,
      "bgColorB": 255,
      "bgColorG": 200,
      "bgColorOpacity": 0,
      "bgColorR": 150,
      "bgEndColorB": 255,
      "bgEndColorG": 200,
      "bgEndColorR": 150,
      "bgStartColorB": 255,
      "bgStartColorG": 255,
      "bgStartColorR": 255,
      "capInsetsHeight": 1,
      "capInsetsWidth": 1,
      "capInsetsX": 0,
      "capInsetsY": 0,
      "clipAble": false,
      "colorType": 1,
      "layoutType": 0,
      "vectorX": 0,
      "vectorY": -0.5
    }
  }
}