{
  "classname": null,
  "name": null,
  "animation": {
    "classname": null,
    "name": "AnimationManager",
    "actionlist": []
  },
  "dataScale": 1,
  "designHeight": 540,
  "designWidth": 960,
  "textures": [],
  "texturesPng": [],
  "version": "1.6.0.0",
  "widgetTree": {
    "classname": "Panel",
    "name": null,
    "children": [
      {
        "classname": "ImageView",
        "name": null,
        "children": [
          {
            "classname": "ImageView",
            "name": null,
            "children": [
              {
                "classname": "ImageView",
                "name": null,
                "children": [
                  {
                    "classname": "ImageView",
                    "name": null,
                    "children": [],
                    "options": {
                      "__type": "ImageViewSurrogate:#EditorCommon.JsonModel.Component.GUI",
                      "classname": "ImageView",
                      "name": "Image_24",
                      "ZOrder": 0,
                      "actiontag": 4374170,
                      "anchorPointX": 0.5,
                      "anchorPointY": 0.5,
                      "classType": "CocoStudio.EngineAdapterWrap.CSImageView",
                      "colorB": 255,
                      "colorG": 255,
                      "colorR": 255,
                      "customProperty": "",
                      "flipX": false,
                      "flipY": false,
                      "height": 83,
                      "ignoreSize": true,
                      "layoutParameter": null,
                      "opacity": 255,
                      "positionPercentX": -0.004842615,
                      "positionPercentY": 0.4375,
                      "positionType": 0,
                      "rotation": 0,
                      "scaleX": 1,
                      "scaleY": 1,
                      "sizePercentX": 0.208232448,
                      "sizePercentY": 0.5763889,
                      "sizeType": 0,
                      "tag": 1331179567,
                      "touchAble": false,
                      "useMergedTexture": false,
                      "visible": true,
                      "width": 86,
                      "x": -2,
                      "y": 63,
                      "capInsetsHeight": 1,
                      "capInsetsWidth": 1,
                      "capInsetsX": 0,
                      "capInsetsY": 0,
                      "fileName": null,
                      "fileNameData": {
                        "path": "ui/StarBack.png",
                        "plistFile": "",
                        "resourceType": 0
                      },
                      "scale9Enable": false,
                      "scale9Height": 83,
                      "scale9Width": 86
                    }
                  },
                  {
                    "classname": "ImageView",
                    "name": null,
                    "children": [],
                    "options": {
                      "__type": "ImageViewSurrogate:#EditorCommon.JsonModel.Component.GUI",
                      "classname": "ImageView",
                      "name": "Image_24_0",
                      "ZOrder": 0,
                      "actiontag": 49796945,
                      "anchorPointX": 0.5,
                      "anchorPointY": 0.5,
                      "classType": "CocoStudio.EngineAdapterWrap.CSImageView",
                      "colorB": 255,
                      "colorG": 255,
                      "colorR": 255,
                      "customProperty": "",
                      "flipX": false,
                      "flipY": false,
                      "height": 83,
                      "ignoreSize": true,
                      "layoutParameter": null,
                      "opacity": 255,
                      "positionPercentX": -0.24939467,
                      "positionPercentY": 0.368055552,
                      "positionType": 0,
                      "rotation": -17.5827713,
                      "scaleX": 1,
                      "scaleY": 1,
                      "sizePercentX": 0.208232448,
                      "sizePercentY": 0.5763889,
                      "sizeType": 0,
                      "tag": 1331179569,
                      "touchAble": false,
                      "useMergedTexture": false,
                      "visible": true,
                      "width": 86,
                      "x": -103,
                      "y": 53,
                      "capInsetsHeight": 1,
                      "capInsetsWidth": 1,
                      "capInsetsX": 0,
                      "capInsetsY": 0,
                      "fileName": null,
                      "fileNameData": {
                        "path": "ui/StarBack.png",
                        "plistFile": "",
                        "resourceType": 0
                      },
                      "scale9Enable": false,
                      "scale9Height": 83,
                      "scale9Width": 86
                    }
                  },
                  {
                    "classname": "ImageView",
                    "name": null,
                    "children": [],
                    "options": {
                      "__type": "ImageViewSurrogate:#EditorCommon.JsonModel.Component.GUI",
                      "classname": "ImageView",
                      "name": "Image_24_1",
                      "ZOrder": 0,
                      "actiontag": 35054626,
                      "anchorPointX": 0.5,
                      "anchorPointY": 0.5,
                      "classType": "CocoStudio.EngineAdapterWrap.CSImageView",
                      "colorB": 255,
                      "colorG": 255,
                      "colorR": 255,
                      "customProperty": "",
                      "flipX": false,
                      "flipY": false,
                      "height": 83,
                      "ignoreSize": true,
                      "layoutParameter": null,
                      "opacity": 255,
                      "positionPercentX": 0.232445523,
                      "positionPercentY": 0.3888889,
                      "positionType": 0,
                      "rotation": 17.58,
                      "scaleX": 1,
                      "scaleY": 1,
                      "sizePercentX": 0.208232448,
                      "sizePercentY": 0.5763889,
                      "sizeType": 0,
                      "tag": 1331179571,
                      "touchAble": false,
                      "useMergedTexture": false,
                      "visible": true,
                      "width": 86,
                      "x": 96,
                      "y": 56,
                      "capInsetsHeight": 1,
                      "capInsetsWidth": 1,
                      "capInsetsX": 0,
                      "capInsetsY": 0,
                      "fileName": null,
                      "fileNameData": {
                        "path": "ui/StarBack.png",
                        "plistFile": "",
                        "resourceType": 0
                      },
                      "scale9Enable": false,
                      "scale9Height": 83,
                      "scale9Width": 86
                    }
                  },
                  {
                    "classname": "Button",
                    "name": null,
                    "children": [],
                    "options": {
                      "__type": "ButtonSurrogate:#EditorCommon.JsonModel.Component.GUI",
                      "classname": "Button",
                      "name": "Star_1",
                      "ZOrder": 0,
                      "actiontag": 46911414,
                      "anchorPointX": 0.5,
                      "anchorPointY": 0.5,
                      "classType": "CocoStudio.EngineAdapterWrap.CSButton",
                      "colorB": 255,
                      "colorG": 255,
                      "colorR": 255,
                      "customProperty": "",
                      "flipX": false,
                      "flipY": false,
                      "height": 85,
                      "ignoreSize": true,
                      "layoutParameter": null,
                      "opacity": 255,
                      "positionPercentX": -0.24939467,
                      "positionPercentY": 0.368055552,
                      "positionType": 0,
                      "rotation": -17.58,
                      "scaleX": 1,
                      "scaleY": 1,
                      "sizePercentX": 0.215496361,
                      "sizePercentY": 0.5902778,
                      "sizeType": 0,
                      "tag": 1331179572,
                      "touchAble": true,
                      "useMergedTexture": false,
                      "visible": true,
                      "width": 89,
                      "x": -103,
                      "y": 53,
                      "capInsetsHeight": 1,
                      "capInsetsWidth": 1,
                      "capInsetsX": 0,
                      "capInsetsY": 0,
                      "disabled": null,
                      "disabledData": {
                        "path": null,
                        "plistFile": null,
                        "resourceType": 0
                      },
                      "fontName": "微软雅黑",
                      "fontSize": 14,
                      "fontType": 0,
                      "normal": null,
                      "normalData": {
                        "path": "ui/StarLight.png",
                        "plistFile": "",
                        "resourceType": 0
                      },
                      "pressed": null,
                      "pressedData": {
                        "path": null,
                        "plistFile": null,
                        "resourceType": 0
                      },
                      "scale9Enable": false,
                      "scale9Height": 85,
                      "scale9Width": 89,
                      "text": "",
                      "textColorB": 255,
                      "textColorG": 255,
                      "textColorR": 255
                    }
                  },
                  {
                    "classname": "Button",
                    "name": null,
                    "children": [],
                    "options": {
                      "__type": "ButtonSurrogate:#EditorCommon.JsonModel.Component.GUI",
                      "classname": "Button",
                      "name": "Star_2",
                      "ZOrder": 0,
                      "actiontag": 3137467,
                      "anchorPointX": 0.5,
                      "anchorPointY": 0.5,
                      "classType": "CocoStudio.EngineAdapterWrap.CSButton",
                      "colorB": 255,
                      "colorG": 255,
                      "colorR": 255,
                      "customProperty": "",
                      "flipX": false,
                      "flipY": false,
                      "height": 85,
                      "ignoreSize": true,
                      "layoutParameter": null,
                      "opacity": 255,
                      "positionPercentX": -0.004842615,
                      "positionPercentY": 0.4375,
                      "positionType": 0,
                      "rotation": 0,
                      "scaleX": 1,
                      "scaleY": 1,
                      "sizePercentX": 0.215496361,
                      "sizePercentY": 0.5902778,
                      "sizeType": 0,
                      "tag": 1331179574,
                      "touchAble": true,
                      "useMergedTexture": false,
                      "visible": true,
                      "width": 89,
                      "x": -2,
                      "y": 63,
                      "capInsetsHeight": 1,
                      "capInsetsWidth": 1,
                      "capInsetsX": 0,
                      "capInsetsY": 0,
                      "disabled": null,
                      "disabledData": {
                        "path": null,
                        "plistFile": null,
                        "resourceType": 0
                      },
                      "fontName": "微软雅黑",
                      "fontSize": 14,
                      "fontType": 0,
                      "normal": null,
                      "normalData": {
                        "path": "ui/StarLight.png",
                        "plistFile": "",
                        "resourceType": 0
                      },
                      "pressed": null,
                      "pressedData": {
                        "path": null,
                        "plistFile": null,
                        "resourceType": 0
                      },
                      "scale9Enable": false,
                      "scale9Height": 85,
                      "scale9Width": 89,
                      "text": "",
                      "textColorB": 255,
                      "textColorG": 255,
                      "textColorR": 255
                    }
                  },
                  {
                    "classname": "Button",
                    "name": null,
                    "children": [],
                    "options": {
                      "__type": "ButtonSurrogate:#EditorCommon.JsonModel.Component.GUI",
                      "classname": "Button",
                      "name": "Star_3",
                      "ZOrder": 0,
                      "actiontag": 12645767,
                      "anchorPointX": 0.5,
                      "anchorPointY": 0.5,
                      "classType": "CocoStudio.EngineAdapterWrap.CSButton",
                      "colorB": 255,
                      "colorG": 255,
                      "colorR": 255,
                      "customProperty": "",
                      "flipX": false,
                      "flipY": false,
                      "height": 85,
                      "ignoreSize": true,
                      "layoutParameter": null,
                      "opacity": 255,
                      "positionPercentX": 0.232445523,
                      "positionPercentY": 0.3888889,
                      "positionType": 0,
                      "rotation": 17.58,
                      "scaleX": 1,
                      "scaleY": 1,
                      "sizePercentX": 0.215496361,
                      "sizePercentY": 0.5902778,
                      "sizeType": 0,
                      "tag": 1331179575,
                      "touchAble": true,
                      "useMergedTexture": false,
                      "visible": true,
                      "width": 89,
                      "x": 96,
                      "y": 56,
                      "capInsetsHeight": 1,
                      "capInsetsWidth": 1,
                      "capInsetsX": 0,
                      "capInsetsY": 0,
                      "disabled": null,
                      "disabledData": {
                        "path": null,
                        "plistFile": null,
                        "resourceType": 0
                      },
                      "fontName": "微软雅黑",
                      "fontSize": 14,
                      "fontType": 0,
                      "normal": null,
                      "normalData": {
                        "path": "ui/StarLight.png",
                        "plistFile": "",
                        "resourceType": 0
                      },
                      "pressed": null,
                      "pressedData": {
                        "path": null,
                        "plistFile": null,
                        "resourceType": 0
                      },
                      "scale9Enable": false,
                      "scale9Height": 85,
                      "scale9Width": 89,
                      "text": "",
                      "textColorB": 255,
                      "textColorG": 255,
                      "textColorR": 255
                    }
                  },
                  {
                    "classname": "Label",
                    "name": null,
                    "children": [],
                    "options": {
                      "__type": "LabelSurrogate:#EditorCommon.JsonModel.Component.GUI",
                      "classname": "Label",
                      "name": "Label_Level",
                      "ZOrder": 0,
                      "actiontag": 54369929,
                      "anchorPointX": 0.5,
                      "anchorPointY": 0.5,
                      "classType": "CocoStudio.EngineAdapterWrap.CSLabel",
                      "colorB": 107,
                      "colorG": 8,
                      "colorR": 73,
                      "customProperty": "",
                      "flipX": false,
                      "flipY": false,
                      "height": 31,
                      "ignoreSize": true,
                      "layoutParameter": null,
                      "opacity": 255,
                      "positionPercentX": 0,
                      "positionPercentY": 0,
                      "positionType": 0,
                      "rotation": 0,
                      "scaleX": 1,
                      "scaleY": 1,
                      "sizePercentX": 0.302663445,
                      "sizePercentY": 0.215277776,
                      "sizeType": 0,
                      "tag": 1331179576,
                      "touchAble": false,
                      "useMergedTexture": false,
                      "visible": true,
                      "width": 125,
                      "x": 0,
                      "y": 0,
                      "areaHeight": 0,
                      "areaWidth": 0,
                      "fontFile": null,
                      "fontName": "微软雅黑",
                      "fontSize": 24,
                      "hAlignment": 0,
                      "text": "第           关",
                      "touchScaleEnable": false,
                      "vAlignment": 0
                    }
                  },
                  {
                    "classname": "LabelAtlas",
                    "name": null,
                    "children": [],
                    "options": {
                      "__type": "LabelAtlasSurrogate:#EditorCommon.JsonModel.Component.GUI",
                      "classname": "LabelAtlas",
                      "name": "LevelCount",
                      "ZOrder": 0,
                      "actiontag": 2597526,
                      "anchorPointX": 0.5,
                      "anchorPointY": 0.5,
                      "classType": "CocoStudio.EngineAdapterWrap.CSLabelAtlas",
                      "colorB": 255,
                      "colorG": 255,
                      "colorR": 255,
                      "customProperty": "",
                      "flipX": false,
                      "flipY": false,
                      "height": 29,
                      "ignoreSize": true,
                      "layoutParameter": null,
                      "opacity": 255,
                      "positionPercentX": 0,
                      "positionPercentY": 0,
                      "positionType": 0,
                      "rotation": 0,
                      "scaleX": 1,
                      "scaleY": 1,
                      "sizePercentX": 0.06053269,
                      "sizePercentY": 0.2013889,
                      "sizeType": 0,
                      "tag": 1331179577,
                      "touchAble": false,
                      "useMergedTexture": false,
                      "visible": true,
                      "width": 25,
                      "x": 0,
                      "y": 0,
                      "charMapFile": null,
                      "charMapFileData": {
                        "path": "Common/Common_count7.png",
                        "plistFile": "",
                        "resourceType": 0
                      },
                      "itemHeight": 29,
                      "itemWidth": 25,
                      "startCharMap": "0",
                      "stringValue": "4"
                    }
                  }
                ],
                "options": {
                  "__type": "ImageViewSurrogate:#EditorCommon.JsonModel.Component.GUI",
                  "classname": "ImageView",
                  "name": "Image_23",
                  "ZOrder": 0,
                  "actiontag": 39174085,
                  "anchorPointX": 0.5,
                  "anchorPointY": 0.5,
                  "classType": "CocoStudio.EngineAdapterWrap.CSImageView",
                  "colorB": 255,
                  "colorG": 255,
                  "colorR": 255,
                  "customProperty": "",
                  "flipX": false,
                  "flipY": false,
                  "height": 144,
                  "ignoreSize": true,
                  "layoutParameter": null,
                  "opacity": 255,
                  "positionPercentX": -0.00285714283,
                  "positionPercentY": 0.371428579,
                  "positionType": 0,
                  "rotation": 0,
                  "scaleX": 1,
                  "scaleY": 1,
                  "sizePercentX": 1.18,
                  "sizePercentY": 0.411428571,
                  "sizeType": 0,
                  "tag": 1331179566,
                  "touchAble": false,
                  "useMergedTexture": false,
                  "visible": true,
                  "width": 413,
                  "x": -1,
                  "y": 130,
                  "capInsetsHeight": 1,
                  "capInsetsWidth": 1,
                  "capInsetsX": 0,
                  "capInsetsY": 0,
                  "fileName": null,
                  "fileNameData": {
                    "path": "ui/UI_1.png",
                    "plistFile": "",
                    "resourceType": 0
                  },
                  "scale9Enable": false,
                  "scale9Height": 144,
                  "scale9Width": 413
                }
              },
              {
                "classname": "Button",
                "name": null,
                "children": [],
                "options": {
                  "__type": "ButtonSurrogate:#EditorCommon.JsonModel.Component.GUI",
                  "classname": "Button",
                  "name": "LevelTips",
                  "ZOrder": 0,
                  "actiontag": 21480232,
                  "anchorPointX": 0.5,
                  "anchorPointY": 0.5,
                  "classType": "CocoStudio.EngineAdapterWrap.CSButton",
                  "colorB": 255,
                  "colorG": 255,
                  "colorR": 255,
                  "customProperty": "",
                  "flipX": false,
                  "flipY": false,
                  "height": 42,
                  "ignoreSize": true,
                  "layoutParameter": null,
                  "opacity": 255,
                  "positionPercentX": -0.00285714283,
                  "positionPercentY": 0.2,
                  "positionType": 0,
                  "rotation": 0,
                  "scaleX": 1,
                  "scaleY": 1,
                  "sizePercentX": 0.48,
                  "sizePercentY": 0.12,
                  "sizeType": 0,
                  "tag": 1331179578,
                  "touchAble": true,
                  "useMergedTexture": false,
                  "visible": true,
                  "width": 168,
                  "x": -1,
                  "y": 70,
                  "capInsetsHeight": 1,
                  "capInsetsWidth": 1,
                  "capInsetsX": 0,
                  "capInsetsY": 0,
                  "disabled": null,
                  "disabledData": {
                    "path": null,
                    "plistFile": null,
                    "resourceType": 0
                  },
                  "fontName": "微软雅黑",
                  "fontSize": 14,
                  "fontType": 0,
                  "normal": null,
                  "normalData": {
                    "path": "ui/Over_win.png",
                    "plistFile": "",
                    "resourceType": 0
                  },
                  "pressed": null,
                  "pressedData": {
                    "path": null,
                    "plistFile": null,
                    "resourceType": 0
                  },
                  "scale9Enable": false,
                  "scale9Height": 42,
                  "scale9Width": 168,
                  "text": "",
                  "textColorB": 255,
                  "textColorG": 255,
                  "textColorR": 255
                }
              },
              {
                "classname": "ImageView",
                "name": null,
                "children": [
                  {
                    "classname": "LabelAtlas",
                    "name": null,
                    "children": [],
                    "options": {
                      "__type": "LabelAtlasSurrogate:#EditorCommon.JsonModel.Component.GUI",
                      "classname": "LabelAtlas",
                      "name": "ScroeLabel",
                      "ZOrder": 0,
                      "actiontag": 63836314,
                      "anchorPointX": 0.5,
                      "anchorPointY": 0.5,
                      "classType": "CocoStudio.EngineAdapterWrap.CSLabelAtlas",
                      "colorB": 255,
                      "colorG": 255,
                      "colorR": 255,
                      "customProperty": "",
                      "flipX": false,
                      "flipY": false,
                      "height": 51,
                      "ignoreSize": true,
                      "layoutParameter": null,
                      "opacity": 255,
                      "positionPercentX": 0.00290697673,
                      "positionPercentY": 0.183333337,
                      "positionType": 0,
                      "rotation": 0,
                      "scaleX": 1,
                      "scaleY": 1,
                      "sizePercentX": 0.752907,
                      "sizePercentY": 0.425,
                      "sizeType": 0,
                      "tag": 1331179587,
                      "touchAble": false,
                      "useMergedTexture": false,
                      "visible": false,
                      "width": 185,
                      "x": 1,
                      "y": 22,
                      "charMapFile": null,
                      "charMapFileData": {
                        "path": "Common/Common_count8.png",
                        "plistFile": "",
                        "resourceType": 0
                      },
                      "itemHeight": 51,
                      "itemWidth": 37,
                      "startCharMap": "0",
                      "stringValue": "12345"
                    }
                  },
                  {
                    "classname": "ImageView",
                    "name": null,
                    "children": [],
                    "options": {
                      "__type": "ImageViewSurrogate:#EditorCommon.JsonModel.Component.GUI",
                      "classname": "ImageView",
                      "name": "Image_45",
                      "ZOrder": 0,
                      "actiontag": 44025114,
                      "anchorPointX": 0.5,
                      "anchorPointY": 0.5,
                      "classType": "CocoStudio.EngineAdapterWrap.CSImageView",
                      "colorB": 255,
                      "colorG": 255,
                      "colorR": 255,
                      "customProperty": "",
                      "flipX": false,
                      "flipY": false,
                      "height": 3,
                      "ignoreSize": false,
                      "layoutParameter": null,
                      "opacity": 255,
                      "positionPercentX": 0,
                      "positionPercentY": -0.06666667,
                      "positionType": 0,
                      "rotation": 0,
                      "scaleX": 1,
                      "scaleY": 1,
                      "sizePercentX": 0.718023241,
                      "sizePercentY": 0.025,
                      "sizeType": 0,
                      "tag": 1331179588,
                      "touchAble": false,
                      "useMergedTexture": false,
                      "visible": true,
                      "width": 247,
                      "x": 0,
                      "y": -8,
                      "capInsetsHeight": 1,
                      "capInsetsWidth": 1,
                      "capInsetsX": 0,
                      "capInsetsY": 0,
                      "fileName": null,
                      "fileNameData": {
                        "path": "Common/Common_line.png",
                        "plistFile": "",
                        "resourceType": 0
                      },
                      "scale9Enable": false,
                      "scale9Height": 3,
                      "scale9Width": 247
                    }
                  },
                  {
                    "classname": "Label",
                    "name": null,
                    "children": [],
                    "options": {
                      "__type": "LabelSurrogate:#EditorCommon.JsonModel.Component.GUI",
                      "classname": "Label",
                      "name": "RecordScore",
                      "ZOrder": 0,
                      "actiontag": 543504,
                      "anchorPointX": 0,
                      "anchorPointY": 0.5,
                      "classType": "CocoStudio.EngineAdapterWrap.CSLabel",
                      "colorB": 178,
                      "colorG": 61,
                      "colorR": 117,
                      "customProperty": "",
                      "flipX": false,
                      "flipY": false,
                      "height": 21,
                      "ignoreSize": true,
                      "layoutParameter": null,
                      "opacity": 255,
                      "positionPercentX": -0.45348838,
                      "positionPercentY": -0.25,
                      "positionType": 0,
                      "rotation": 0,
                      "scaleX": 1,
                      "scaleY": 1,
                      "sizePercentX": 0.232558146,
                      "sizePercentY": 0.175,
                      "sizeType": 0,
                      "tag": 1331179589,
                      "touchAble": false,
                      "useMergedTexture": false,
                      "visible": true,
                      "width": 80,
                      "x": -156,
                      "y": -30,
                      "areaHeight": 0,
                      "areaWidth": 0,
                      "fontFile": null,
                      "fontName": "微软雅黑",
                      "fontSize": 16,
                      "hAlignment": 0,
                      "text": "历史记录：",
                      "touchScaleEnable": false,
                      "vAlignment": 0
                    }
                  },
                  {
                    "classname": "Label",
                    "name": null,
                    "children": [],
                    "options": {
                      "__type": "LabelSurrogate:#EditorCommon.JsonModel.Component.GUI",
                      "classname": "Label",
                      "name": "GetGold",
                      "ZOrder": 0,
                      "actiontag": 22484025,
                      "anchorPointX": 0,
                      "anchorPointY": 0.5,
                      "classType": "CocoStudio.EngineAdapterWrap.CSLabel",
                      "colorB": 178,
                      "colorG": 61,
                      "colorR": 117,
                      "customProperty": "",
                      "flipX": false,
                      "flipY": false,
                      "height": 21,
                      "ignoreSize": true,
                      "layoutParameter": null,
                      "opacity": 255,
                      "positionPercentX": 0.0377906971,
                      "positionPercentY": -0.25,
                      "positionType": 0,
                      "rotation": 0,
                      "scaleX": 1,
                      "scaleY": 1,
                      "sizePercentX": 0.232558146,
                      "sizePercentY": 0.175,
                      "sizeType": 0,
                      "tag": 1331179864,
                      "touchAble": false,
                      "useMergedTexture": false,
                      "visible": true,
                      "width": 80,
                      "x": 13,
                      "y": -30,
                      "areaHeight": 0,
                      "areaWidth": 0,
                      "fontFile": null,
                      "fontName": "微软雅黑",
                      "fontSize": 16,
                      "hAlignment": 0,
                      "text": "获得金币：",
                      "touchScaleEnable": false,
                      "vAlignment": 0
                    }
                  },
                  {
                    "classname": "ImageView",
                    "name": null,
                    "children": [
                      {
                        "classname": "LabelAtlas",
                        "name": null,
                        "children": [],
                        "options": {
                          "__type": "LabelAtlasSurrogate:#EditorCommon.JsonModel.Component.GUI",
                          "classname": "LabelAtlas",
                          "name": "label",
                          "ZOrder": 0,
                          "actiontag": 17438988,
                          "anchorPointX": 1,
                          "anchorPointY": 0.5,
                          "classType": "CocoStudio.EngineAdapterWrap.CSLabelAtlas",
                          "colorB": 255,
                          "colorG": 255,
                          "colorR": 255,
                          "customProperty": "",
                          "flipX": false,
                          "flipY": false,
                          "height": 51,
                          "ignoreSize": true,
                          "layoutParameter": null,
                          "opacity": 255,
                          "positionPercentX": -0.4714717,
                          "positionPercentY": -0.06971611,
                          "positionType": 0,
                          "rotation": 0,
                          "scaleX": 1,
                          "scaleY": 1,
                          "sizePercentX": 3.2375,
                          "sizePercentY": 0.6375,
                          "sizeType": 0,
                          "tag": 1331182139,
                          "touchAble": false,
                          "useMergedTexture": false,
                          "visible": true,
                          "width": 37,
                          "x": -17,
                          "y": -3,
                          "charMapFile": null,
                          "charMapFileData": {
                            "path": "Common/Common_count8.png",
                            "plistFile": "",
                            "resourceType": 0
                          },
                          "itemHeight": 51,
                          "itemWidth": 37,
                          "startCharMap": "0",
                          "stringValue": "1"
                        }
                      },
                      {
                        "classname": "LabelAtlas",
                        "name": null,
                        "children": [],
                        "options": {
                          "__type": "LabelAtlasSurrogate:#EditorCommon.JsonModel.Component.GUI",
                          "classname": "LabelAtlas",
                          "name": "label_1",
                          "ZOrder": 0,
                          "actiontag": 39491868,
                          "anchorPointX": 0,
                          "anchorPointY": 0.5,
                          "classType": "CocoStudio.EngineAdapterWrap.CSLabelAtlas",
                          "colorB": 255,
                          "colorG": 255,
                          "colorR": 255,
                          "customProperty": "",
                          "flipX": false,
                          "flipY": false,
                          "height": 51,
                          "ignoreSize": true,
                          "layoutParameter": null,
                          "opacity": 255,
                          "positionPercentX": 0.129129857,
                          "positionPercentY": -0.06971611,
                          "positionType": 0,
                          "rotation": 0,
                          "scaleX": 1,
                          "scaleY": 1,
                          "sizePercentX": 7,
                          "sizePercentY": 1,
                          "sizeType": 0,
                          "tag": 1331182143,
                          "touchAble": false,
                          "useMergedTexture": false,
                          "visible": true,
                          "width": 111,
                          "x": 4,
                          "y": -3,
                          "charMapFile": null,
                          "charMapFileData": {
                            "path": "Common/Common_count8.png",
                            "plistFile": "",
                            "resourceType": 0
                          },
                          "itemHeight": 51,
                          "itemWidth": 37,
                          "startCharMap": "0",
                          "stringValue": "123"
                        }
                      }
                    ],
                    "options": {
                      "__type": "ImageViewSurrogate:#EditorCommon.JsonModel.Component.GUI",
                      "classname": "ImageView",
                      "name": "ScroeLabel_1",
                      "ZOrder": 0,
                      "actiontag": 40621687,
                      "anchorPointX": 0.5,
                      "anchorPointY": 0.5,
                      "classType": "CocoStudio.EngineAdapterWrap.CSImageView",
                      "colorB": 255,
                      "colorG": 255,
                      "colorR": 255,
                      "customProperty": "",
                      "flipX": false,
                      "flipY": false,
                      "height": 51,
                      "ignoreSize": true,
                      "layoutParameter": null,
                      "opacity": 255,
                      "positionPercentX": -0.00710594933,
                      "positionPercentY": 0.1851852,
                      "positionType": 0,
                      "rotation": 0,
                      "scaleX": 1,
                      "scaleY": 1,
                      "sizePercentX": 0.232558146,
                      "sizePercentY": 0.6666667,
                      "sizeType": 0,
                      "tag": 1331182140,
                      "touchAble": false,
                      "useMergedTexture": false,
                      "visible": false,
                      "width": 37,
                      "x": -2,
                      "y": 22,
                      "capInsetsHeight": 1,
                      "capInsetsWidth": 1,
                      "capInsetsX": 0,
                      "capInsetsY": 0,
                      "fileName": null,
                      "fileNameData": {
                        "path": "Common/Common_count8_1.png",
                        "plistFile": "",
                        "resourceType": 0
                      },
                      "scale9Enable": false,
                      "scale9Height": 51,
                      "scale9Width": 37
                    }
                  },
                  {
                    "classname": "ImageView",
                    "name": null,
                    "children": [
                      {
                        "classname": "LabelAtlas",
                        "name": null,
                        "children": [],
                        "options": {
                          "__type": "LabelAtlasSurrogate:#EditorCommon.JsonModel.Component.GUI",
                          "classname": "LabelAtlas",
                          "name": "label_ScroeLabel_2",
                          "ZOrder": 0,
                          "actiontag": 346482,
                          "anchorPointX": 1,
                          "anchorPointY": 0.5,
                          "classType": "CocoStudio.EngineAdapterWrap.CSLabelAtlas",
                          "colorB": 255,
                          "colorG": 255,
                          "colorR": 255,
                          "customProperty": "",
                          "flipX": false,
                          "flipY": false,
                          "height": 51,
                          "ignoreSize": true,
                          "layoutParameter": null,
                          "opacity": 255,
                          "positionPercentX": -0.471471936,
                          "positionPercentY": -0.04792962,
                          "positionType": 0,
                          "rotation": 0,
                          "scaleX": 1,
                          "scaleY": 1,
                          "sizePercentX": 7,
                          "sizePercentY": 1,
                          "sizeType": 0,
                          "tag": 1331182148,
                          "touchAble": false,
                          "useMergedTexture": false,
                          "visible": true,
                          "width": 74,
                          "x": -17,
                          "y": -2,
                          "charMapFile": null,
                          "charMapFileData": {
                            "path": "Common/Common_count8.png",
                            "plistFile": "",
                            "resourceType": 0
                          },
                          "itemHeight": 51,
                          "itemWidth": 37,
                          "startCharMap": "0",
                          "stringValue": "12"
                        }
                      },
                      {
                        "classname": "LabelAtlas",
                        "name": null,
                        "children": [],
                        "options": {
                          "__type": "LabelAtlasSurrogate:#EditorCommon.JsonModel.Component.GUI",
                          "classname": "LabelAtlas",
                          "name": "label_1_ScroeLabel_2",
                          "ZOrder": 0,
                          "actiontag": 3118346,
                          "anchorPointX": 0,
                          "anchorPointY": 0.5,
                          "classType": "CocoStudio.EngineAdapterWrap.CSLabelAtlas",
                          "colorB": 255,
                          "colorG": 255,
                          "colorR": 255,
                          "customProperty": "",
                          "flipX": false,
                          "flipY": false,
                          "height": 51,
                          "ignoreSize": true,
                          "layoutParameter": null,
                          "opacity": 255,
                          "positionPercentX": 0.129129618,
                          "positionPercentY": -0.04792962,
                          "positionType": 0,
                          "rotation": 0,
                          "scaleX": 1,
                          "scaleY": 1,
                          "sizePercentX": 7,
                          "sizePercentY": 1,
                          "sizeType": 0,
                          "tag": 1331182149,
                          "touchAble": false,
                          "useMergedTexture": false,
                          "visible": true,
                          "width": 111,
                          "x": 4,
                          "y": -2,
                          "charMapFile": null,
                          "charMapFileData": {
                            "path": "Common/Common_count8.png",
                            "plistFile": "",
                            "resourceType": 0
                          },
                          "itemHeight": 51,
                          "itemWidth": 37,
                          "startCharMap": "0",
                          "stringValue": "123"
                        }
                      },
                      {
                        "classname": "ImageView",
                        "name": null,
                        "children": [],
                        "options": {
                          "__type": "ImageViewSurrogate:#EditorCommon.JsonModel.Component.GUI",
                          "classname": "ImageView",
                          "name": "Image_21",
                          "ZOrder": 0,
                          "actiontag": 36948272,
                          "anchorPointX": 0.5,
                          "anchorPointY": 0.5,
                          "classType": "CocoStudio.EngineAdapterWrap.CSImageView",
                          "colorB": 255,
                          "colorG": 255,
                          "colorR": 255,
                          "customProperty": "",
                          "flipX": false,
                          "flipY": false,
                          "height": 51,
                          "ignoreSize": true,
                          "layoutParameter": null,
                          "opacity": 255,
                          "positionPercentX": 3.69369388,
                          "positionPercentY": 0.0239651259,
                          "positionType": 0,
                          "rotation": 0,
                          "scaleX": 1,
                          "scaleY": 1,
                          "sizePercentX": 2.162162,
                          "sizePercentY": 1.56862748,
                          "sizeType": 0,
                          "tag": 1331182150,
                          "touchAble": false,
                          "useMergedTexture": false,
                          "visible": true,
                          "width": 37,
                          "x": 136,
                          "y": 1,
                          "capInsetsHeight": 1,
                          "capInsetsWidth": 1,
                          "capInsetsX": 0,
                          "capInsetsY": 0,
                          "fileName": null,
                          "fileNameData": {
                            "path": "Common/Common_count8_1.png",
                            "plistFile": "",
                            "resourceType": 0
                          },
                          "scale9Enable": false,
                          "scale9Height": 51,
                          "scale9Width": 37
                        }
                      },
                      {
                        "classname": "LabelAtlas",
                        "name": null,
                        "children": [],
                        "options": {
                          "__type": "LabelAtlasSurrogate:#EditorCommon.JsonModel.Component.GUI",
                          "classname": "LabelAtlas",
                          "name": "label_2_ScroeLabel_2",
                          "ZOrder": 0,
                          "actiontag": 21475923,
                          "anchorPointX": 0,
                          "anchorPointY": 0.5,
                          "classType": "CocoStudio.EngineAdapterWrap.CSLabelAtlas",
                          "colorB": 255,
                          "colorG": 255,
                          "colorR": 255,
                          "customProperty": "",
                          "flipX": false,
                          "flipY": false,
                          "height": 51,
                          "ignoreSize": true,
                          "layoutParameter": null,
                          "opacity": 255,
                          "positionPercentX": 3.67267418,
                          "positionPercentY": -0.04792962,
                          "positionType": 0,
                          "rotation": 0,
                          "scaleX": 1,
                          "scaleY": 1,
                          "sizePercentX": 7,
                          "sizePercentY": 1,
                          "sizeType": 0,
                          "tag": 1331182152,
                          "touchAble": false,
                          "useMergedTexture": false,
                          "visible": true,
                          "width": 111,
                          "x": 135,
                          "y": -2,
                          "charMapFile": null,
                          "charMapFileData": {
                            "path": "Common/Common_count8.png",
                            "plistFile": "",
                            "resourceType": 0
                          },
                          "itemHeight": 51,
                          "itemWidth": 37,
                          "startCharMap": "0",
                          "stringValue": "123"
                        }
                      }
                    ],
                    "options": {
                      "__type": "ImageViewSurrogate:#EditorCommon.JsonModel.Component.GUI",
                      "classname": "ImageView",
                      "name": "ScroeLabel_2",
                      "ZOrder": 0,
                      "actiontag": 29864659,
                      "anchorPointX": 0.5,
                      "anchorPointY": 0.5,
                      "classType": "CocoStudio.EngineAdapterWrap.CSImageView",
                      "colorB": 255,
                      "colorG": 255,
                      "colorR": 255,
                      "customProperty": "",
                      "flipX": false,
                      "flipY": false,
                      "height": 51,
                      "ignoreSize": true,
                      "layoutParameter": null,
                      "opacity": 255,
                      "positionPercentX": -0.23062025,
                      "positionPercentY": 0.18518506,
                      "positionType": 0,
                      "rotation": 0,
                      "scaleX": 1,
                      "scaleY": 1,
                      "sizePercentX": 0.232558146,
                      "sizePercentY": 0.6666667,
                      "sizeType": 0,
                      "tag": 1331182147,
                      "touchAble": false,
                      "useMergedTexture": false,
                      "visible": true,
                      "width": 37,
                      "x": -79,
                      "y": 22,
                      "capInsetsHeight": 1,
                      "capInsetsWidth": 1,
                      "capInsetsX": 0,
                      "capInsetsY": 0,
                      "fileName": null,
                      "fileNameData": {
                        "path": "Common/Common_count8_1.png",
                        "plistFile": "",
                        "resourceType": 0
                      },
                      "scale9Enable": false,
                      "scale9Height": 51,
                      "scale9Width": 37
                    }
                  }
                ],
                "options": {
                  "__type": "ImageViewSurrogate:#EditorCommon.JsonModel.Component.GUI",
                  "classname": "ImageView",
                  "name": "Image_36",
                  "ZOrder": 0,
                  "actiontag": 45953457,
                  "anchorPointX": 0.5,
                  "anchorPointY": 0.5,
                  "classType": "CocoStudio.EngineAdapterWrap.CSImageView",
                  "colorB": 255,
                  "colorG": 255,
                  "colorR": 255,
                  "customProperty": "",
                  "flipX": false,
                  "flipY": false,
                  "height": 120,
                  "ignoreSize": false,
                  "layoutParameter": null,
                  "opacity": 255,
                  "positionPercentX": 0,
                  "positionPercentY": -0.06,
                  "positionType": 0,
                  "rotation": 0,
                  "scaleX": 1,
                  "scaleY": 1,
                  "sizePercentX": 0.982857168,
                  "sizePercentY": 0.342857152,
                  "sizeType": 0,
                  "tag": 1331179579,
                  "touchAble": false,
                  "useMergedTexture": false,
                  "visible": true,
                  "width": 344,
                  "x": 0,
                  "y": -21,
                  "capInsetsHeight": 35,
                  "capInsetsWidth": 1,
                  "capInsetsX": 10,
                  "capInsetsY": 10,
                  "fileName": null,
                  "fileNameData": {
                    "path": "Common/Common_4.png",
                    "plistFile": "",
                    "resourceType": 0
                  },
                  "scale9Enable": true,
                  "scale9Height": 120,
                  "scale9Width": 344
                }
              },
              {
                "classname": "Button",
                "name": null,
                "children": [
                  {
                    "classname": "ImageView",
                    "name": null,
                    "children": [],
                    "options": {
                      "__type": "ImageViewSurrogate:#EditorCommon.JsonModel.Component.GUI",
                      "classname": "ImageView",
                      "name": "Image_38",
                      "ZOrder": 0,
                      "actiontag": 66703048,
                      "anchorPointX": 0.5,
                      "anchorPointY": 0.5,
                      "classType": "CocoStudio.EngineAdapterWrap.CSImageView",
                      "colorB": 255,
                      "colorG": 255,
                      "colorR": 255,
                      "customProperty": "",
                      "flipX": false,
                      "flipY": false,
                      "height": 24,
                      "ignoreSize": true,
                      "layoutParameter": null,
                      "opacity": 255,
                      "positionPercentX": -0.006289308,
                      "positionPercentY": 0.0506329127,
                      "positionType": 0,
                      "rotation": 0,
                      "scaleX": 1,
                      "scaleY": 1,
                      "sizePercentX": 0.6352201,
                      "sizePercentY": 0.303797454,
                      "sizeType": 0,
                      "tag": 1331179581,
                      "touchAble": false,
                      "useMergedTexture": false,
                      "visible": true,
                      "width": 101,
                      "x": -1,
                      "y": 4,
                      "capInsetsHeight": 1,
                      "capInsetsWidth": 1,
                      "capInsetsX": 0,
                      "capInsetsY": 0,
                      "fileName": null,
                      "fileNameData": {
                        "path": "ui/Pause_back.png",
                        "plistFile": "",
                        "resourceType": 0
                      },
                      "scale9Enable": false,
                      "scale9Height": 24,
                      "scale9Width": 101
                    }
                  }
                ],
                "options": {
                  "__type": "ButtonSurrogate:#EditorCommon.JsonModel.Component.GUI",
                  "classname": "Button",
                  "name": "Backbtn",
                  "ZOrder": 0,
                  "actiontag": 59803701,
                  "anchorPointX": 0.5,
                  "anchorPointY": 0.5,
                  "classType": "CocoStudio.EngineAdapterWrap.CSButton",
                  "colorB": 255,
                  "colorG": 255,
                  "colorR": 255,
                  "customProperty": "",
                  "flipX": false,
                  "flipY": false,
                  "height": 79,
                  "ignoreSize": true,
                  "layoutParameter": null,
                  "opacity": 255,
                  "positionPercentX": -0.24,
                  "positionPercentY": -0.38,
                  "positionType": 0,
                  "rotation": 0,
                  "scaleX": 1,
                  "scaleY": 1,
                  "sizePercentX": 0.4542857,
                  "sizePercentY": 0.225714281,
                  "sizeType": 0,
                  "tag": 1331179580,
                  "touchAble": true,
                  "useMergedTexture": false,
                  "visible": true,
                  "width": 159,
                  "x": -84,
                  "y": -133,
                  "capInsetsHeight": 1,
                  "capInsetsWidth": 1,
                  "capInsetsX": 0,
                  "capInsetsY": 0,
                  "disabled": null,
                  "disabledData": {
                    "path": null,
                    "plistFile": null,
                    "resourceType": 0
                  },
                  "fontName": "微软雅黑",
                  "fontSize": 14,
                  "fontType": 0,
                  "normal": null,
                  "normalData": {
                    "path": "Common/Common_c2_1.png",
                    "plistFile": "",
                    "resourceType": 0
                  },
                  "pressed": null,
                  "pressedData": {
                    "path": "Common/Common_c2_2.png",
                    "plistFile": "",
                    "resourceType": 0
                  },
                  "scale9Enable": false,
                  "scale9Height": 79,
                  "scale9Width": 159,
                  "text": "",
                  "textColorB": 255,
                  "textColorG": 255,
                  "textColorR": 255
                }
              },
              {
                "classname": "Button",
                "name": null,
                "children": [
                  {
                    "classname": "Button",
                    "name": null,
                    "children": [],
                    "options": {
                      "__type": "ButtonSurrogate:#EditorCommon.JsonModel.Component.GUI",
                      "classname": "Button",
                      "name": "WinFail",
                      "ZOrder": 0,
                      "actiontag": 3541618,
                      "anchorPointX": 0.5,
                      "anchorPointY": 0.5,
                      "classType": "CocoStudio.EngineAdapterWrap.CSButton",
                      "colorB": 255,
                      "colorG": 255,
                      "colorR": 255,
                      "customProperty": "",
                      "flipX": false,
                      "flipY": false,
                      "height": 25,
                      "ignoreSize": true,
                      "layoutParameter": null,
                      "opacity": 255,
                      "positionPercentX": 0,
                      "positionPercentY": 0.03797468,
                      "positionType": 0,
                      "rotation": 0,
                      "scaleX": 1,
                      "scaleY": 1,
                      "sizePercentX": 0.6415094,
                      "sizePercentY": 0.3164557,
                      "sizeType": 0,
                      "tag": 1331179586,
                      "touchAble": true,
                      "useMergedTexture": false,
                      "visible": true,
                      "width": 102,
                      "x": 0,
                      "y": 3,
                      "capInsetsHeight": 1,
                      "capInsetsWidth": 1,
                      "capInsetsX": 0,
                      "capInsetsY": 0,
                      "disabled": null,
                      "disabledData": {
                        "path": null,
                        "plistFile": null,
                        "resourceType": 0
                      },
                      "fontName": "微软雅黑",
                      "fontSize": 14,
                      "fontType": 0,
                      "normal": null,
                      "normalData": {
                        "path": "ui/Pause_continue.png",
                        "plistFile": "",
                        "resourceType": 0
                      },
                      "pressed": null,
                      "pressedData": {
                        "path": null,
                        "plistFile": null,
                        "resourceType": 0
                      },
                      "scale9Enable": false,
                      "scale9Height": 25,
                      "scale9Width": 102,
                      "text": "",
                      "textColorB": 255,
                      "textColorG": 255,
                      "textColorR": 255
                    }
                  }
                ],
                "options": {
                  "__type": "ButtonSurrogate:#EditorCommon.JsonModel.Component.GUI",
                  "classname": "Button",
                  "name": "Continuebtn",
                  "ZOrder": 0,
                  "actiontag": 5525413,
                  "anchorPointX": 0.5,
                  "anchorPointY": 0.5,
                  "classType": "CocoStudio.EngineAdapterWrap.CSButton",
                  "colorB": 255,
                  "colorG": 255,
                  "colorR": 255,
                  "customProperty": "",
                  "flipX": false,
                  "flipY": false,
                  "height": 79,
                  "ignoreSize": true,
                  "layoutParameter": null,
                  "opacity": 255,
                  "positionPercentX": 0.24,
                  "positionPercentY": -0.38,
                  "positionType": 0,
                  "rotation": 0,
                  "scaleX": 1,
                  "scaleY": 1,
                  "sizePercentX": 0.4542857,
                  "sizePercentY": 0.225714281,
                  "sizeType": 0,
                  "tag": 1331179584,
                  "touchAble": true,
                  "useMergedTexture": false,
                  "visible": true,
                  "width": 159,
                  "x": 84,
                  "y": -133,
                  "capInsetsHeight": 1,
                  "capInsetsWidth": 1,
                  "capInsetsX": 0,
                  "capInsetsY": 0,
                  "disabled": null,
                  "disabledData": {
                    "path": null,
                    "plistFile": null,
                    "resourceType": 0
                  },
                  "fontName": "微软雅黑",
                  "fontSize": 14,
                  "fontType": 0,
                  "normal": null,
                  "normalData": {
                    "path": "Common/Common_c1_1.png",
                    "plistFile": "",
                    "resourceType": 0
                  },
                  "pressed": null,
                  "pressedData": {
                    "path": "Common/Common_c1_2.png",
                    "plistFile": "",
                    "resourceType": 0
                  },
                  "scale9Enable": false,
                  "scale9Height": 79,
                  "scale9Width": 159,
                  "text": "",
                  "textColorB": 255,
                  "textColorG": 255,
                  "textColorR": 255
                }
              }
            ],
            "options": {
              "__type": "ImageViewSurrogate:#EditorCommon.JsonModel.Component.GUI",
              "classname": "ImageView",
              "name": "Image_16",
              "ZOrder": 0,
              "actiontag": 62479632,
              "anchorPointX": 0.5,
              "anchorPointY": 0.5,
              "classType": "CocoStudio.EngineAdapterWrap.CSImageView",
              "colorB": 255,
              "colorG": 255,
              "colorR": 255,
              "customProperty": "",
              "flipX": false,
              "flipY": false,
              "height": 350,
              "ignoreSize": false,
              "layoutParameter": null,
              "opacity": 255,
              "positionPercentX": 0.490625,
              "positionPercentY": 0.401851863,
              "positionType": 0,
              "rotation": 0,
              "scaleX": 1,
              "scaleY": 1,
              "sizePercentX": 0.364583343,
              "sizePercentY": 0.6481481,
              "sizeType": 0,
              "tag": 1331179527,
              "touchAble": false,
              "useMergedTexture": false,
              "visible": true,
              "width": 350,
              "x": 471,
              "y": 217,
              "capInsetsHeight": 1,
              "capInsetsWidth": 1,
              "capInsetsX": 19,
              "capInsetsY": 19,
              "fileName": null,
              "fileNameData": {
                "path": "Common/Common_frame.png",
                "plistFile": "",
                "resourceType": 0
              },
              "scale9Enable": true,
              "scale9Height": 350,
              "scale9Width": 350
            }
          },
          {
            "classname": "Panel",
            "name": null,
            "children": [
              {
                "classname": "ImageView",
                "name": null,
                "children": [
                  {
                    "classname": "LabelAtlas",
                    "name": null,
                    "children": [],
                    "options": {
                      "__type": "LabelAtlasSurrogate:#EditorCommon.JsonModel.Component.GUI",
                      "classname": "LabelAtlas",
                      "name": "AtlasLabel_3",
                      "ZOrder": 0,
                      "actiontag": 22629041,
                      "anchorPointX": 0,
                      "anchorPointY": 0.5,
                      "classType": "CocoStudio.EngineAdapterWrap.CSLabelAtlas",
                      "colorB": 255,
                      "colorG": 255,
                      "colorR": 255,
                      "customProperty": "",
                      "flipX": false,
                      "flipY": false,
                      "height": 18,
                      "ignoreSize": true,
                      "layoutParameter": null,
                      "opacity": 255,
                      "positionPercentX": 0.6964286,
                      "positionPercentY": -0.0833333358,
                      "positionType": 0,
                      "rotation": 0,
                      "scaleX": 1,
                      "scaleY": 1,
                      "sizePercentX": 1.75,
                      "sizePercentY": 0.75,
                      "sizeType": 0,
                      "tag": 1331179514,
                      "touchAble": false,
                      "useMergedTexture": false,
                      "visible": true,
                      "width": 98,
                      "x": 39,
                      "y": -2,
                      "charMapFile": null,
                      "charMapFileData": {
                        "path": "Common/Common_count6.png",
                        "plistFile": "",
                        "resourceType": 0
                      },
                      "itemHeight": 18,
                      "itemWidth": 14,
                      "startCharMap": "0",
                      "stringValue": "2012110"
                    }
                  }
                ],
                "options": {
                  "__type": "ImageViewSurrogate:#EditorCommon.JsonModel.Component.GUI",
                  "classname": "ImageView",
                  "name": "Image_2",
                  "ZOrder": 0,
                  "actiontag": 33821495,
                  "anchorPointX": 0.5,
                  "anchorPointY": 0.5,
                  "classType": "CocoStudio.EngineAdapterWrap.CSImageView",
                  "colorB": 255,
                  "colorG": 255,
                  "colorR": 255,
                  "customProperty": "",
                  "flipX": false,
                  "flipY": false,
                  "height": 24,
                  "ignoreSize": true,
                  "layoutParameter": null,
                  "opacity": 255,
                  "positionPercentX": -1.365,
                  "positionPercentY": 1.14,
                  "positionType": 0,
                  "rotation": 0,
                  "scaleX": 1,
                  "scaleY": 1,
                  "sizePercentX": 0.28,
                  "sizePercentY": 0.12,
                  "sizeType": 0,
                  "tag": 1331179513,
                  "touchAble": false,
                  "useMergedTexture": false,
                  "visible": true,
                  "width": 56,
                  "x": -273,
                  "y": 228,
                  "capInsetsHeight": 1,
                  "capInsetsWidth": 1,
                  "capInsetsX": 0,
                  "capInsetsY": 0,
                  "fileName": null,
                  "fileNameData": {
                    "path": "ui/ScoreLabel.png",
                    "plistFile": "",
                    "resourceType": 0
                  },
                  "scale9Enable": false,
                  "scale9Height": 24,
                  "scale9Width": 56
                }
              },
              {
                "classname": "ImageView",
                "name": null,
                "children": [
                  {
                    "classname": "ImageView",
                    "name": null,
                    "children": [],
                    "options": {
                      "__type": "ImageViewSurrogate:#EditorCommon.JsonModel.Component.GUI",
                      "classname": "ImageView",
                      "name": "Image_5",
                      "ZOrder": 0,
                      "actiontag": 10281849,
                      "anchorPointX": 0.5,
                      "anchorPointY": 0.5,
                      "classType": "CocoStudio.EngineAdapterWrap.CSImageView",
                      "colorB": 255,
                      "colorG": 255,
                      "colorR": 255,
                      "customProperty": "",
                      "flipX": false,
                      "flipY": false,
                      "height": 40,
                      "ignoreSize": true,
                      "layoutParameter": null,
                      "opacity": 255,
                      "positionPercentX": -0.415,
                      "positionPercentY": -0.0232558139,
                      "positionType": 0,
                      "rotation": 0,
                      "scaleX": 1,
                      "scaleY": 1,
                      "sizePercentX": 0.2,
                      "sizePercentY": 0.9302326,
                      "sizeType": 0,
                      "tag": 1331179516,
                      "touchAble": false,
                      "useMergedTexture": false,
                      "visible": true,
                      "width": 40,
                      "x": -83,
                      "y": -1,
                      "capInsetsHeight": 1,
                      "capInsetsWidth": 1,
                      "capInsetsX": 0,
                      "capInsetsY": 0,
                      "fileName": null,
                      "fileNameData": {
                        "path": "Common/Common_gold.png",
                        "plistFile": "",
                        "resourceType": 0
                      },
                      "scale9Enable": false,
                      "scale9Height": 40,
                      "scale9Width": 40
                    }
                  },
                  {
                    "classname": "LabelAtlas",
                    "name": null,
                    "children": [],
                    "options": {
                      "__type": "LabelAtlasSurrogate:#EditorCommon.JsonModel.Component.GUI",
                      "classname": "LabelAtlas",
                      "name": "GoldCount",
                      "ZOrder": 0,
                      "actiontag": 53273756,
                      "anchorPointX": 0.5,
                      "anchorPointY": 0.5,
                      "classType": "CocoStudio.EngineAdapterWrap.CSLabelAtlas",
                      "colorB": 255,
                      "colorG": 255,
                      "colorR": 255,
                      "customProperty": "",
                      "flipX": false,
                      "flipY": false,
                      "height": 17,
                      "ignoreSize": true,
                      "layoutParameter": null,
                      "opacity": 255,
                      "positionPercentX": 0,
                      "positionPercentY": 0,
                      "positionType": 0,
                      "rotation": 0,
                      "scaleX": 1,
                      "scaleY": 1,
                      "sizePercentX": 0.3,
                      "sizePercentY": 0.395348847,
                      "sizeType": 0,
                      "tag": 1331179517,
                      "touchAble": false,
                      "useMergedTexture": false,
                      "visible": true,
                      "width": 60,
                      "x": 0,
                      "y": 0,
                      "charMapFile": null,
                      "charMapFileData": {
                        "path": "Common/Common_count.png",
                        "plistFile": "",
                        "resourceType": 0
                      },
                      "itemHeight": 17,
                      "itemWidth": 15,
                      "startCharMap": "0",
                      "stringValue": "2301"
                    }
                  },
                  {
                    "classname": "Button",
                    "name": null,
                    "children": [],
                    "options": {
                      "__type": "ButtonSurrogate:#EditorCommon.JsonModel.Component.GUI",
                      "classname": "Button",
                      "name": "GoldBtn",
                      "ZOrder": 0,
                      "actiontag": 8305862,
                      "anchorPointX": 0.5,
                      "anchorPointY": 0.5,
                      "classType": "CocoStudio.EngineAdapterWrap.CSButton",
                      "colorB": 255,
                      "colorG": 255,
                      "colorR": 255,
                      "customProperty": "",
                      "flipX": false,
                      "flipY": false,
                      "height": 47,
                      "ignoreSize": true,
                      "layoutParameter": null,
                      "opacity": 255,
                      "positionPercentX": 0.425,
                      "positionPercentY": -0.0232558139,
                      "positionType": 0,
                      "rotation": 0,
                      "scaleX": 1,
                      "scaleY": 1,
                      "sizePercentX": 0.22,
                      "sizePercentY": 1.0930233,
                      "sizeType": 0,
                      "tag": 1331179518,
                      "touchAble": true,
                      "useMergedTexture": false,
                      "visible": true,
                      "width": 44,
                      "x": 85,
                      "y": -1,
                      "capInsetsHeight": 1,
                      "capInsetsWidth": 1,
                      "capInsetsX": 0,
                      "capInsetsY": 0,
                      "disabled": null,
                      "disabledData": {
                        "path": null,
                        "plistFile": null,
                        "resourceType": 0
                      },
                      "fontName": "微软雅黑",
                      "fontSize": 14,
                      "fontType": 0,
                      "normal": null,
                      "normalData": {
                        "path": "Common/Common_addbtn_1.png",
                        "plistFile": "",
                        "resourceType": 0
                      },
                      "pressed": null,
                      "pressedData": {
                        "path": "Common/Common_addbtn_2.png",
                        "plistFile": "",
                        "resourceType": 0
                      },
                      "scale9Enable": false,
                      "scale9Height": 47,
                      "scale9Width": 44,
                      "text": "",
                      "textColorB": 255,
                      "textColorG": 255,
                      "textColorR": 255
                    }
                  }
                ],
                "options": {
                  "__type": "ImageViewSurrogate:#EditorCommon.JsonModel.Component.GUI",
                  "classname": "ImageView",
                  "name": "Image_4",
                  "ZOrder": 0,
                  "actiontag": 49217831,
                  "anchorPointX": 0.5,
                  "anchorPointY": 0.5,
                  "classType": "CocoStudio.EngineAdapterWrap.CSImageView",
                  "colorB": 255,
                  "colorG": 255,
                  "colorR": 255,
                  "customProperty": "",
                  "flipX": false,
                  "flipY": false,
                  "height": 43,
                  "ignoreSize": false,
                  "layoutParameter": null,
                  "opacity": 255,
                  "positionPercentX": -0.02,
                  "positionPercentY": 1.125,
                  "positionType": 0,
                  "rotation": 0,
                  "scaleX": 1,
                  "scaleY": 1,
                  "sizePercentX": 1,
                  "sizePercentY": 0.215,
                  "sizeType": 0,
                  "tag": 1331179515,
                  "touchAble": false,
                  "useMergedTexture": false,
                  "visible": true,
                  "width": 200,
                  "x": -4,
                  "y": 225,
                  "capInsetsHeight": 1,
                  "capInsetsWidth": 1,
                  "capInsetsX": 20,
                  "capInsetsY": 20,
                  "fileName": null,
                  "fileNameData": {
                    "path": "Common/Commom_1.png",
                    "plistFile": "",
                    "resourceType": 0
                  },
                  "scale9Enable": true,
                  "scale9Height": 43,
                  "scale9Width": 200
                }
              },
              {
                "classname": "ImageView",
                "name": null,
                "children": [
                  {
                    "classname": "ImageView",
                    "name": null,
                    "children": [],
                    "options": {
                      "__type": "ImageViewSurrogate:#EditorCommon.JsonModel.Component.GUI",
                      "classname": "ImageView",
                      "name": "Image_5",
                      "ZOrder": 0,
                      "actiontag": 46092147,
                      "anchorPointX": 0.5,
                      "anchorPointY": 0.5,
                      "classType": "CocoStudio.EngineAdapterWrap.CSImageView",
                      "colorB": 255,
                      "colorG": 255,
                      "colorR": 255,
                      "customProperty": "",
                      "flipX": false,
                      "flipY": false,
                      "height": 37,
                      "ignoreSize": true,
                      "layoutParameter": null,
                      "opacity": 255,
                      "positionPercentX": -0.415,
                      "positionPercentY": -0.0232558139,
                      "positionType": 0,
                      "rotation": 0,
                      "scaleX": 1,
                      "scaleY": 1,
                      "sizePercentX": 0.18,
                      "sizePercentY": 0.8604651,
                      "sizeType": 0,
                      "tag": 1331179524,
                      "touchAble": false,
                      "useMergedTexture": false,
                      "visible": true,
                      "width": 36,
                      "x": -83,
                      "y": -1,
                      "capInsetsHeight": 1,
                      "capInsetsWidth": 1,
                      "capInsetsX": 0,
                      "capInsetsY": 0,
                      "fileName": null,
                      "fileNameData": {
                        "path": "Common/Common_diamond.png",
                        "plistFile": "",
                        "resourceType": 0
                      },
                      "scale9Enable": false,
                      "scale9Height": 37,
                      "scale9Width": 36
                    }
                  },
                  {
                    "classname": "LabelAtlas",
                    "name": null,
                    "children": [],
                    "options": {
                      "__type": "LabelAtlasSurrogate:#EditorCommon.JsonModel.Component.GUI",
                      "classname": "LabelAtlas",
                      "name": "DiamondCount",
                      "ZOrder": 0,
                      "actiontag": 12176142,
                      "anchorPointX": 0.5,
                      "anchorPointY": 0.5,
                      "classType": "CocoStudio.EngineAdapterWrap.CSLabelAtlas",
                      "colorB": 255,
                      "colorG": 255,
                      "colorR": 255,
                      "customProperty": "",
                      "flipX": false,
                      "flipY": false,
                      "height": 17,
                      "ignoreSize": true,
                      "layoutParameter": null,
                      "opacity": 255,
                      "positionPercentX": 0,
                      "positionPercentY": 0,
                      "positionType": 0,
                      "rotation": 0,
                      "scaleX": 1,
                      "scaleY": 1,
                      "sizePercentX": 0.3,
                      "sizePercentY": 0.395348847,
                      "sizeType": 0,
                      "tag": 1331179525,
                      "touchAble": false,
                      "useMergedTexture": false,
                      "visible": true,
                      "width": 60,
                      "x": 0,
                      "y": 0,
                      "charMapFile": null,
                      "charMapFileData": {
                        "path": "Common/Common_count.png",
                        "plistFile": "",
                        "resourceType": 0
                      },
                      "itemHeight": 17,
                      "itemWidth": 15,
                      "startCharMap": "0",
                      "stringValue": "2301"
                    }
                  },
                  {
                    "classname": "Button",
                    "name": null,
                    "children": [],
                    "options": {
                      "__type": "ButtonSurrogate:#EditorCommon.JsonModel.Component.GUI",
                      "classname": "Button",
                      "name": "DiamondBtn",
                      "ZOrder": 0,
                      "actiontag": 42476417,
                      "anchorPointX": 0.5,
                      "anchorPointY": 0.5,
                      "classType": "CocoStudio.EngineAdapterWrap.CSButton",
                      "colorB": 255,
                      "colorG": 255,
                      "colorR": 255,
                      "customProperty": "",
                      "flipX": false,
                      "flipY": false,
                      "height": 47,
                      "ignoreSize": true,
                      "layoutParameter": null,
                      "opacity": 255,
                      "positionPercentX": 0.425,
                      "positionPercentY": -0.0232558139,
                      "positionType": 0,
                      "rotation": 0,
                      "scaleX": 1,
                      "scaleY": 1,
                      "sizePercentX": 0.22,
                      "sizePercentY": 1.0930233,
                      "sizeType": 0,
                      "tag": 1331179526,
                      "touchAble": true,
                      "useMergedTexture": false,
                      "visible": true,
                      "width": 44,
                      "x": 85,
                      "y": -1,
                      "capInsetsHeight": 1,
                      "capInsetsWidth": 1,
                      "capInsetsX": 0,
                      "capInsetsY": 0,
                      "disabled": null,
                      "disabledData": {
                        "path": null,
                        "plistFile": null,
                        "resourceType": 0
                      },
                      "fontName": "微软雅黑",
                      "fontSize": 14,
                      "fontType": 0,
                      "normal": null,
                      "normalData": {
                        "path": "Common/Common_addbtn_1.png",
                        "plistFile": "",
                        "resourceType": 0
                      },
                      "pressed": null,
                      "pressedData": {
                        "path": "Common/Common_addbtn_2.png",
                        "plistFile": "",
                        "resourceType": 0
                      },
                      "scale9Enable": false,
                      "scale9Height": 47,
                      "scale9Width": 44,
                      "text": "",
                      "textColorB": 255,
                      "textColorG": 255,
                      "textColorR": 255
                    }
                  }
                ],
                "options": {
                  "__type": "ImageViewSurrogate:#EditorCommon.JsonModel.Component.GUI",
                  "classname": "ImageView",
                  "name": "Image_4_0",
                  "ZOrder": 0,
                  "actiontag": 34947511,
                  "anchorPointX": 0.5,
                  "anchorPointY": 0.5,
                  "classType": "CocoStudio.EngineAdapterWrap.CSImageView",
                  "colorB": 255,
                  "colorG": 255,
                  "colorR": 255,
                  "customProperty": "",
                  "flipX": false,
                  "flipY": false,
                  "height": 43,
                  "ignoreSize": false,
                  "layoutParameter": null,
                  "opacity": 255,
                  "positionPercentX": 1.095,
                  "positionPercentY": 1.125,
                  "positionType": 0,
                  "rotation": 0,
                  "scaleX": 1,
                  "scaleY": 1,
                  "sizePercentX": 1,
                  "sizePercentY": 0.215,
                  "sizeType": 0,
                  "tag": 1331179523,
                  "touchAble": false,
                  "useMergedTexture": false,
                  "visible": true,
                  "width": 200,
                  "x": 219,
                  "y": 225,
                  "capInsetsHeight": 1,
                  "capInsetsWidth": 1,
                  "capInsetsX": 20,
                  "capInsetsY": 20,
                  "fileName": null,
                  "fileNameData": {
                    "path": "Common/Commom_1.png",
                    "plistFile": "",
                    "resourceType": 0
                  },
                  "scale9Enable": true,
                  "scale9Height": 43,
                  "scale9Width": 200
                }
              }
            ],
            "options": {
              "__type": "PanelSurrogate:#EditorCommon.JsonModel.Component.GUI",
              "classname": "Panel",
              "name": "Panel_10",
              "ZOrder": 0,
              "actiontag": 55327305,
              "anchorPointX": 0.5,
              "anchorPointY": 0.5,
              "classType": "CocoStudio.EngineAdapterWrap.CSPanel",
              "colorB": 255,
              "colorG": 255,
              "colorR": 255,
              "customProperty": "",
              "flipX": false,
              "flipY": false,
              "height": 200,
              "ignoreSize": false,
              "layoutParameter": null,
              "opacity": 255,
              "positionPercentX": 0.484375,
              "positionPercentY": 0.4888889,
              "positionType": 0,
              "rotation": 0,
              "scaleX": 1,
              "scaleY": 1,
              "sizePercentX": 0.208333328,
              "sizePercentY": 0.370370358,
              "sizeType": 0,
              "tag": 1331181401,
              "touchAble": true,
              "useMergedTexture": false,
              "visible": true,
              "width": 200,
              "x": 465,
              "y": 264,
              "adaptScreen": false,
              "backGroundImage": null,
              "backGroundImageData": null,
              "backGroundScale9Enable": false,
              "bgColorB": 255,
              "bgColorG": 200,
              "bgColorOpacity": 0,
              "bgColorR": 150,
              "bgEndColorB": 255,
              "bgEndColorG": 200,
              "bgEndColorR": 150,
              "bgStartColorB": 255,
              "bgStartColorG": 255,
              "bgStartColorR": 255,
              "capInsetsHeight": 1,
              "capInsetsWidth": 1,
              "capInsetsX": 0,
              "capInsetsY": 0,
              "clipAble": false,
              "colorType": 1,
              "layoutType": 0,
              "vectorX": 0,
              "vectorY": -0.5
            }
          }
        ],
        "options": {
          "__type": "ImageViewSurrogate:#EditorCommon.JsonModel.Component.GUI",
          "classname": "ImageView",
          "name": "Image_1",
          "ZOrder": 0,
          "actiontag": 13321813,
          "anchorPointX": 0,
          "anchorPointY": 0,
          "classType": "CocoStudio.EngineAdapterWrap.CSImageView",
          "colorB": 255,
          "colorG": 255,
          "colorR": 255,
          "customProperty": "",
          "flipX": false,
          "flipY": false,
          "height": 540,
          "ignoreSize": true,
          "layoutParameter": null,
          "opacity": 255,
          "positionPercentX": 0,
          "positionPercentY": 0,
          "positionType": 1,
          "rotation": 0,
          "scaleX": 1,
          "scaleY": 1,
          "sizePercentX": 1,
          "sizePercentY": 1,
          "sizeType": 0,
          "tag": 1331179512,
          "touchAble": false,
          "useMergedTexture": false,
          "visible": true,
          "width": 960,
          "x": 0,
          "y": 0,
          "capInsetsHeight": 1,
          "capInsetsWidth": 1,
          "capInsetsX": 0,
          "capInsetsY": 0,
          "fileName": null,
          "fileNameData": {
            "path": "Common/Commonbg.jpg",
            "plistFile": "",
            "resourceType": 0
          },
          "scale9Enable": false,
          "scale9Height": 540,
          "scale9Width": 960
        }
      }
    ],
    "options": {
      "__type": "PanelSurrogate:#EditorCommon.JsonModel.Component.GUI",
      "classname": "Panel",
      "name": "Panel_14",
      "ZOrder": 0,
      "actiontag": -1,
      "anchorPointX": 0,
      "anchorPointY": 0,
      "classType": "CocoStudio.EngineAdapterWrap.CSPanel",
      "colorB": 255,
      "colorG": 255,
      "colorR": 255,
      "customProperty": "",
      "flipX": false,
      "flipY": false,
      "height": 540,
      "ignoreSize": false,
      "layoutParameter": null,
      "opacity": 255,
      "positionPercentX": 0,
      "positionPercentY": 0,
      "positionType": 0,
      "rotation": 0,
      "scaleX": 1,
      "scaleY": 1,
      "sizePercentX": 1,
      "sizePercentY": 1,
      "sizeType": 0,
      "tag": 1331179511,
      "touchAble": true,
      "useMergedTexture": false,
      "visible": true,
      "width": 960,
      "x": 0,
      "y": 0,
      "adaptScreen": true,
      "backGroundImage": null,
      "backGroundImageData": null,
      "backGroundScale9Enable": false,
      "bgColorB": 255,
      "bgColorG": 200,
      "bgColorOpacity": 0,
      "bgColorR": 150,
      "bgEndColorB": 255,
      "bgEndColorG": 200,
      "bgEndColorR": 150,
      "bgStartColorB": 255,
      "bgStartColorG": 255,
      "bgStartColorR": 255,
      "capInsetsHeight": 1,
      "capInsetsWidth": 1,
      "capInsetsX": 0,
      "capInsetsY": 0,
      "clipAble": false,
      "colorType": 1,
      "layoutType": 0,
      "vectorX": 0,
      "vectorY": -0.5
    }
  }
}